Rank,EntryId,EntryName,TimeRemaining,Points,Lineup,,Player,Roster Position,%Drafted,FPTS
1,3186895042,crclngthdrn,0,137.35,P Michael Lorenzen P Dylan Bundy OF Shohei Ohtani OF Byron Buxton SS Carlos Correa 2B Jorge Polanco 1B Jared Walsh 3B Anthony Rendon C Max Stassi OF Brandon Marsh,,Austin Riley,3B,45.53%,0
2,3186817603,mwomacks,0,131.35,P Michael Lorenzen P Dylan Bundy OF Shohei Ohtani OF Byron Buxton 1B Brandon Belt 2B Brandon Lowe SS Wander Franco 3B Luis Arraez OF Joc Pederson C Gary Sánchez,,Marcell Ozuna,OF,45.11%,8
3,3186534837,JDLENNON14,0,127.55,P Alek Manoah P Nick Martinez 1B Vladimir Guerrero Jr. OF Shohei Ohtani 3B Austin Riley OF Seth Brown C Sean Murphy 2B Tony Kemp SS Elvis Andrus OF Josh Lowe,,Ozzie Albies,2B,43.83%,7
4,3186605395,Anthonyb151131,0,126.35,P Michael Lorenzen P Dylan Bundy OF Byron Buxton SS Wander Franco 2B Ozzie Albies 3B Austin Riley C J.T. Realmuto OF Adam Duvall 1B Ji-Man Choi OF Marcell Ozuna,,Dylan Bundy,P,32.98%,18.05
5,3186516090,craftylefty,0,125.55,P Alek Manoah P Nick Martinez SS Bo Bichette OF George Springer 3B Manny Machado OF Teoscar Hernández 2B Jake Cronenworth 1B Luke Voit C Austin Nola OF Jurickson Profar,,Shohei Ohtani,1B,31.49%,10
6,3186381067,wideout83,0,121.85,P Alex Wood P Michael Lorenzen OF Byron Buxton OF Juan Soto SS Carlos Correa OF Nelson Cruz 1B Josh Bell 2B Luis Arraez 3B J.D. Davis C Gary Sánchez,,Alex Wood,P,30.21%,13.55
7,3186727214,8THEKING8,0,121.35,P Michael Lorenzen P Dylan Bundy OF Shohei Ohtani OF Byron Buxton SS Carlos Correa 2B Jorge Polanco 1B Jared Walsh C Max Stassi OF Max Kepler 3B Luis Arraez,,Wander Franco,SS,29.57%,15
8,3186872899,jkelly13,0,120.35,P Michael Lorenzen P Dylan Bundy OF Shohei Ohtani OF Byron Buxton SS Carlos Correa 2B Ozzie Albies 3B Austin Riley 1B Jared Walsh C Francisco Mejía OF Brandon Marsh,,Adam Duvall,OF,28.94%,5
9,3186107299,eppy12588,0,119.8,P Alek Manoah P Michael Lorenzen 2B Ozzie Albies 3B Austin Riley C J.T. Realmuto SS Dansby Swanson OF Adam Duvall OF Marcell Ozuna 1B Seth Brown OF Joc Pederson,,Huascar Ynoa,P,28.51%,-0.65
10,3186539540,kkrieter,0,119.35,P Michael Lorenzen P Dylan Bundy OF Shohei Ohtani OF Byron Buxton 2B Brandon Lowe 3B Austin Riley SS Francisco Lindor C J.T. Realmuto 1B Josh Bell OF Jose Rojas,,Gary Sánchez,C,26.38%,3
11,3186682323,JackG1111,0,116.55,P Alek Manoah P Dylan Bundy OF Byron Buxton SS Carlos Correa 2B Jazz Chisholm Jr. OF Jesús Sánchez OF Jorge Soler 3B Luis Arraez 1B Alex Kirilloff C Gary Sánchez,,Michael Lorenzen,P,23.40%,28.3
12,3186851108,grhea99,0,114.55,P Alek Manoah P Nick Martinez 1B Vladimir Guerrero Jr. SS Bo Bichette OF George Springer 2B Ozzie Albies OF Teoscar Hernández 3B Chad Pinder C Manny Piña OF Billy McKinney,,Byron Buxton,OF,22.77%,21
12,3186860927,jamjamc94,0,114.55,P Alek Manoah P Dylan Bundy OF Byron Buxton SS Wander Franco OF Kyle Schwarber 1B Jared Walsh 2B Joey Wendle OF Joc Pederson 3B Gio Urshela C Joey Bart,,Luis Patiño,P,22.34%,-1.1
14,3186370326,Glockoma1,0,113.8,P Alek Manoah P Michael Lorenzen OF Byron Buxton 2B Brandon Lowe SS Wander Franco 1B Ji-Man Choi OF Max Kepler 3B Gio Urshela C Gary Sánchez OF Josh Lowe,,Josh Lowe,OF,21.70%,2
15,3186429041,gp1121,0,113.35,P Michael Lorenzen P Dylan Bundy OF Byron Buxton OF Kyle Schwarber 2B Jorge Polanco 1B Jared Walsh OF Max Kepler SS Didi Gregorius 3B Luis Arraez C Gary Sánchez,,Nick Martinez,P,21.49%,17.05
16,3186819926,jaxlawrence7,0,112.1,P Nick Martinez P Dylan Bundy OF Shohei Ohtani 1B Matt Olson SS Wander Franco 2B Ozzie Albies 3B Austin Riley OF Jesús Sánchez OF Marcell Ozuna C Gary Sánchez,,Kyle Schwarber,OF,20.43%,4
17,3186236081,gronk-a-tron,0,111.35,P Michael Lorenzen P Dylan Bundy 1B Vladimir Guerrero Jr. OF Shohei Ohtani OF Byron Buxton OF Juan Soto SS Wander Franco C Alejandro Kirk 3B J.D. Davis 2B Thairo Estrada,,Brandon Lowe,2B,19.57%,3
17,3186863521,brewerfan27,0,111.35,P Michael Lorenzen P Dylan Bundy OF Byron Buxton 1B Matt Olson SS Wander Franco 2B Ozzie Albies 3B Austin Riley OF Adam Duvall OF Marcell Ozuna C Francisco Mejía,,Francisco Mejía,C,18.30%,3
19,3186766255,Infidel8,0,110.85,P Alek Manoah P Huascar Ynoa OF Shohei Ohtani OF Brandon Nimmo 1B Ji-Man Choi OF Marcell Ozuna 2B Luis Arraez SS Elvis Andrus C Francisco Mejía 3B Gio Urshela,,Alek Manoah,P,18.09%,28.5
20,3186776840,Bulldog2205,0,110.35,P Michael Lorenzen P Dylan Bundy OF Shohei Ohtani 1B Brandon Belt SS Wander Franco OF Kyle Schwarber 3B Anthony Rendon OF Mike Yastrzemski 2B Joey Wendle C Sean Murphy,,Bryce Harper,OF,15.32%,2
21,3186867190,82Goldtop,0,109.85,P Alex Wood P Michael Lorenzen 1B Matt Olson 2B Ozzie Albies 3B Austin Riley OF Teoscar Hernández OF Adam Duvall OF Marcell Ozuna SS Elvis Andrus C Francisco Mejía,,Matt Olson,1B,14.89%,6
22,3186860079,gatorbk37,0,109.8,P Alek Manoah P Michael Lorenzen 1B Shohei Ohtani OF Byron Buxton 2B Ozzie Albies 3B Austin Riley OF Adam Duvall C Gary Sánchez SS Orlando Arcia OF Julio Rodríguez,,Jared Walsh,1B,13.40%,2
23,3186526984,beeks82,0,109.1,P Nick Martinez P Dylan Bundy OF Shohei Ohtani OF George Springer 1B Pete Alonso 2B Ozzie Albies SS Francisco Lindor C J.T. Realmuto 3B Anthony Rendon OF Marcell Ozuna,,Dansby Swanson,SS,12.98%,0
24,3186898604,Boltz017,0,108.4,P Alek Manoah P Luis Patiño 2B Brandon Lowe SS Wander Franco OF Jesús Sánchez OF Jorge Soler 1B Josh Bell 3B Joey Wendle C Keibert Ruiz OF Julio Rodríguez,,Ji-Man Choi,1B,12.98%,8
25,3186855086,braun_4,0,108.35,P Michael Lorenzen P Dylan Bundy OF Juan Soto 2B Brandon Lowe SS Wander Franco 1B Rhys Hoskins 3B Austin Riley C J.T. Realmuto OF Marcell Ozuna OF Josh Lowe,,Carlos Correa,SS,12.55%,2
26,3186692144,Fourscore4,0,107.8,P Alek Manoah P Michael Lorenzen OF Bryce Harper OF Nick Castellanos OF Kyle Schwarber C J.T. Realmuto SS Didi Gregorius 3B J.D. Davis 1B Billy McKinney 2B Tyler Wade,,J.T. Realmuto,C,12.34%,16
27,3186811024,logan6778,0,107.75,P Elieser Hernandez P Dylan Bundy OF Byron Buxton 1B Matt Olson SS Wander Franco 2B Ozzie Albies 3B Austin Riley C J.T. Realmuto OF Marcell Ozuna OF Julio Rodríguez,,Julio Rodríguez,OF,12.13%,7
28,3186788829,curt1224,0,107.55,P Chris Flexen P Josh Rogers OF Byron Buxton SS Wander Franco OF Giancarlo Stanton 2B Jorge Polanco 1B Pete Alonso C Keibert Ruiz 3B Chad Pinder OF Julio Rodríguez,,Manny Piña,C,11.28%,0
28,3186798402,mkipe19,0,107.55,P Alek Manoah P Nick Martinez 1B Vladimir Guerrero Jr. OF Byron Buxton SS Carlos Correa OF Teoscar Hernández 2B Luis Arraez 3B Gio Urshela C Gary Sánchez OF Julio Rodríguez,,Luis Arraez,2B,11.06%,13
30,3186675302,chasehill88,0,107.2,P Luis Patiño P Michael Lorenzen OF Bryce Harper OF Kyle Schwarber 1B Rhys Hoskins SS Jazz Chisholm Jr. 2B Jorge Polanco C J.T. Realmuto 3B Sheldon Neuse OF Julio Rodríguez,,Vladimir Guerrero Jr.,1B,10.85%,0
31,3186440284,ohm27,0,106.85,P Alek Manoah P Huascar Ynoa 1B Rhys Hoskins OF George Springer OF Teoscar Hernández SS Francisco Lindor OF Marcell Ozuna 3B Jack Mayfield C Manny Piña 2B Santiago Espinal,,Ranger Suárez,P,8.51%,-1.6
31,3186789405,aafeath2,0,106.85,P Alex Wood P Michael Lorenzen OF Byron Buxton 1B Matt Olson OF Kyle Schwarber 2B Ozzie Albies OF Marcell Ozuna 3B Luis Arraez C Gary Sánchez SS Taylor Walls,,Gio Urshela,3B,8.51%,5
33,3186726091,Coug47,0,106.6,P Alex Wood P Dylan Bundy OF Bryce Harper 1B Vladimir Guerrero Jr. OF Byron Buxton SS Wander Franco 3B Alec Bohm 2B César Hernández C Joey Bart OF Julio Rodríguez,,Teoscar Hernández,OF,8.30%,11
34,3186516713,AMAC0914,0,106.35,P Michael Lorenzen P Dylan Bundy OF Shohei Ohtani OF Byron Buxton SS Carlos Correa OF Jesse Winker 2B Ozzie Albies 1B Miguel Sanó 3B Luis Arraez C Gary Sánchez,,Jorge Soler,OF,8.30%,0
35,3186434404,rhetthuffaker20,0,106.3,P Jameson Taillon P Nick Martinez OF Bryce Harper OF Shohei Ohtani OF Byron Buxton 3B Eugenio Suárez 2B Adam Frazier SS Elvis Andrus C Francisco Mejía 1B Billy McKinney,,Mitch Haniger,OF,8.30%,0
36,3186572882,johnmtyl,0,106.05,P Alek Manoah P Alex Wood 1B Jared Walsh 3B Anthony Rendon OF Jesús Sánchez OF Jorge Soler 2B Joey Wendle OF Brandon Marsh SS David Fletcher C Jacob Stallings,,Anthony Rendon,3B,7.66%,0
37,3186643728,chuckface8,0,105.35,P Michael Lorenzen P Dylan Bundy OF Shohei Ohtani SS Bo Bichette 1B Matt Olson 3B Manny Machado 2B Ozzie Albies OF Adam Duvall OF Marcell Ozuna C Austin Nola,,Didi Gregorius,SS,7.45%,10
37,3186759459,Hobbits21,0,105.35,P Michael Lorenzen P Dylan Bundy OF Bryce Harper OF Byron Buxton OF Kyle Schwarber 1B Rhys Hoskins SS Carlos Correa 2B Luis Arraez 3B Gio Urshela C Gary Sánchez,,Bo Bichette,SS,7.02%,0
37,3186812940,jrsmoke420,0,105.35,P Michael Lorenzen P Dylan Bundy OF Bryce Harper 1B Shohei Ohtani OF Byron Buxton OF Giancarlo Stanton SS Francisco Lindor 2B Luis Arraez 3B Gio Urshela C Gary Sánchez,,Jesse Winker,OF,6.81%,2
40,3186098654,btulloch10,0,104.85,P Alek Manoah P Huascar Ynoa 1B Vladimir Guerrero Jr. SS Wander Franco OF George Springer OF Teoscar Hernández OF Josh Lowe 3B Taylor Walls 2B Santiago Espinal C Zack Collins,,Joc Pederson,OF,6.17%,7
41,3186641680,samarz66,0,104.6,P Alex Wood P Dylan Bundy 1B Vladimir Guerrero Jr. OF Byron Buxton SS Wander Franco OF Teoscar Hernández 2B Luis Arraez C Francisco Mejía 3B Gio Urshela OF Aaron Hicks,,Orlando Arcia,SS,6.17%,0
42,3186320785,T_revor,0,104.55,P Alek Manoah P Nick Martinez 1B Shohei Ohtani SS Wander Franco 2B Ozzie Albies 3B Austin Riley OF Adam Duvall C Max Stassi OF Josh Lowe OF Julio Rodríguez,,Juan Soto,OF,6.17%,9
43,3186412935,zspeer131,0,103.35,P Michael Lorenzen P Dylan Bundy 1B Vladimir Guerrero Jr. 2B Brandon Lowe SS Wander Franco OF George Springer OF Teoscar Hernández 3B Matt Chapman C Alejandro Kirk OF Josh Lowe,,Taylor Walls,3B,5.74%,3
43,3186710505,GoldenBatman,0,103.35,P Michael Lorenzen P Dylan Bundy 1B Vladimir Guerrero Jr. OF Byron Buxton OF Aaron Judge 2B Ozzie Albies OF Joey Gallo SS Gleyber Torres 3B Luis Arraez C Gary Sánchez,,Billy McKinney,1B,5.74%,4
45,3186661023,arod6909,0,102.55,P Alek Manoah P Nick Martinez 1B Matt Olson 2B Ozzie Albies 3B Austin Riley OF Jesús Sánchez SS Dansby Swanson OF Marcell Ozuna C Gary Sánchez OF Jurickson Profar,,Cal Raleigh,C,5.74%,0
46,3186303611,gatorhater24,0,102.35,P Michael Lorenzen P Dylan Bundy 1B Shohei Ohtani OF Byron Buxton SS Carlos Correa 2B Ozzie Albies 3B Austin Riley OF Adam Duvall OF Marcell Ozuna C Gary Sánchez,,George Springer,OF,5.53%,26
46,3186827749,machoisABEEST,0,102.35,P Michael Lorenzen P Dylan Bundy 1B Shohei Ohtani OF Byron Buxton SS Carlos Correa 2B Ozzie Albies 3B Austin Riley OF Adam Duvall OF Marcell Ozuna C Gary Sánchez,,Elieser Hernandez,P,5.11%,9.7
46,3186887533,Tbomb300,0,102.35,P Michael Lorenzen P Nick Martinez OF Shohei Ohtani OF Byron Buxton OF Kyle Schwarber 2B Ozzie Albies 1B Jared Walsh SS Dansby Swanson 3B Luis Arraez C Manny Piña,,Jazz Chisholm Jr.,SS,5.11%,0
49,3186328361,OscarG18,0,101.35,P Michael Lorenzen P Dylan Bundy 2B Brandon Lowe SS Wander Franco 1B Rhys Hoskins OF Jesse Winker 3B Austin Riley C J.T. Realmuto OF Marcell Ozuna OF Josh Lowe,,Giancarlo Stanton,OF,5.11%,0
49,3186716839,JusticeJones18,0,101.35,P Michael Lorenzen P Nick Martinez OF Bryce Harper SS Wander Franco 2B Ozzie Albies 3B Austin Riley C J.T. Realmuto 1B Ji-Man Choi OF Marcell Ozuna OF Max Kepler,,Nick Castellanos,OF,4.89%,7
51,3186858371,noduds,0,101.1,P Nick Martinez P Dylan Bundy OF Juan Soto 1B Matt Olson SS Wander Franco 2B Ozzie Albies 3B Austin Riley C J.T. Realmuto OF Adam Duvall OF Marcell Ozuna,,Max Kepler,OF,4.89%,0
52,3186771817,deadfan1125,0,100.85,P Alex Wood P Michael Lorenzen OF Byron Buxton 2B Brandon Lowe SS Wander Franco 1B Jared Walsh 3B Luis Arraez OF Kevin Kiermaier C Gary Sánchez OF Josh Lowe,,Francisco Lindor,SS,4.89%,5
53,3186275973,zharvey6,0,99.55,P Alek Manoah P Nick Martinez OF Byron Buxton 1B Matt Olson OF Kyle Schwarber 3B Austin Riley 2B Luis Arraez C Francisco Mejía SS Ha-Seong Kim OF Josh Lowe,,Mike Yastrzemski,OF,4.89%,3
53,3186709816,mleiferman2,0,99.55,P Alek Manoah P Dylan Bundy OF Byron Buxton SS Carlos Correa 2B Jorge Polanco 3B Austin Riley OF Nelson Cruz 1B Miguel Sanó C Gary Sánchez OF Josh Lowe,,Lourdes Gurriel Jr.,OF,4.68%,3
55,3186455868,AngerTornado,0,99.35,P Michael Lorenzen P Nick Martinez OF Bryce Harper 2B Brandon Lowe SS Wander Franco OF Kyle Schwarber 1B Rhys Hoskins C J.T. Realmuto OF Josh Lowe 3B Taylor Walls,,Jorge Polanco,2B,4.68%,14
56,3186335755,IAMDMS,0,98.8,P Alek Manoah P Michael Lorenzen OF Nick Castellanos 2B Brandon Lowe 1B Rhys Hoskins C J.T. Realmuto 3B Yandy Díaz OF Josh Lowe OF Brett Phillips SS Taylor Walls,,Abraham Toro,3B,4.47%,0
56,3186751005,cococopuffs23,0,98.8,P Alek Manoah P Michael Lorenzen OF Byron Buxton 1B Matt Olson 2B Ozzie Albies OF Mitch Haniger OF Max Kepler 3B Gio Urshela C Gary Sánchez SS Orlando Arcia,,Pete Alonso,1B,4.26%,2
58,3186791141,formulaq,0,98.45,P Alex Wood P Luis Patiño SS Jazz Chisholm Jr. C J.T. Realmuto OF Jesús Sánchez OF Jorge Soler OF Nelson Cruz 1B Josh Bell 3B Joey Wendle 2B César Hernández,,Thairo Estrada,2B,4.26%,5
59,3186844718,KbonesKickers,0,98.35,P Michael Lorenzen P Dylan Bundy OF Aaron Judge SS Bo Bichette OF Giancarlo Stanton OF George Springer 1B Anthony Rizzo 3B Matt Chapman C Alejandro Kirk 2B Santiago Espinal,,Rhys Hoskins,1B,4.26%,9
59,3186869287,josh9117,0,98.35,P Michael Lorenzen P Dylan Bundy OF Shohei Ohtani OF Juan Soto 2B Brandon Lowe SS Wander Franco 1B Jared Walsh 3B Anthony Rendon C Max Stassi OF Brett Phillips,,Max Stassi,C,4.26%,13
59,3186887196,Ryeguyrollin,0,98.35,P Michael Lorenzen P Dylan Bundy OF Byron Buxton OF Juan Soto SS Carlos Correa 2B Ozzie Albies 3B Austin Riley 1B Jared Walsh OF Marcell Ozuna C Gary Sánchez,,Yandy Díaz,3B,4.26%,2
62,3186828071,sportsfan882,0,97.65,P Huascar Ynoa P Michael Lorenzen OF Byron Buxton SS Carlos Correa OF George Springer 2B Jorge Polanco 3B Austin Riley OF Max Kepler C Gary Sánchez 1B Billy McKinney,,Alejandro Kirk,C,4.04%,0
63,3186863227,abiester3,0,97.35,P Michael Lorenzen P Nick Martinez OF Shohei Ohtani OF Juan Soto SS Wander Franco OF Kyle Schwarber 2B Ozzie Albies 3B Austin Riley 1B Luke Voit C Cal Raleigh,,Matt Chapman,3B,4.04%,0
64,3186678328,westy1322,0,97.1,P Nick Martinez P Dylan Bundy OF Bryce Harper 1B Vladimir Guerrero Jr. OF Byron Buxton OF Kyle Schwarber SS Carlos Correa 3B Alec Bohm 2B Luis Arraez C Joey Bart,,Jesús Sánchez,OF,3.83%,28
65,3186857465,bignumber55,0,96.85,P Alek Manoah P Huascar Ynoa OF Shohei Ohtani 2B Ozzie Albies 1B Jared Walsh OF Marcell Ozuna 3B Luis Arraez OF Brandon Marsh C Manny Piña SS Orlando Arcia,,Brandon Belt,1B,3.83%,13
66,3186490985,wakeywakey,0,96.8,P Alek Manoah P Michael Lorenzen SS Wander Franco OF Jesse Winker OF Mitch Haniger 3B Eugenio Suárez 2B Adam Frazier 1B Ji-Man Choi C Francisco Mejía OF Julio Rodríguez,,Ty France,1B,3.62%,0
67,3186268903,I_Slewfoot_U,0,96.55,P Alek Manoah P Nick Martinez 3B Manny Machado OF Starling Marte 1B Pete Alonso OF Mark Canha 2B Jake Cronenworth OF Brandon Nimmo C Austin Nola SS Luis Guillorme,,Joey Bart,C,3.62%,9
68,3186675305,cobby9,0,95.9,P Ranger Suárez P Taijuan Walker SS Wander Franco OF George Springer OF Teoscar Hernández OF Mark Canha 1B Ji-Man Choi 3B Matt Chapman C Alejandro Kirk 2B Santiago Espinal,,Austin Nola,C,3.40%,14
69,3186596220,kholtonkjd,0,95.65,P Huascar Ynoa P Michael Lorenzen 1B Shohei Ohtani OF Byron Buxton 2B Ozzie Albies 3B Austin Riley OF Adam Duvall OF Marcell Ozuna C Austin Nola SS Tyler Wade,,Adam Frazier,2B,3.40%,0
70,3186495658,jrock328,0,95.6,P Alex Wood P Dylan Bundy OF Shohei Ohtani OF Kyle Schwarber 2B Ozzie Albies C J.T. Realmuto 3B Yandy Díaz 1B Ji-Man Choi SS Didi Gregorius OF Julio Rodríguez,,Alec Bohm,3B,3.40%,11
70,3186651695,jlampert22,0,95.6,P Alex Wood P Dylan Bundy 1B Vladimir Guerrero Jr. OF Shohei Ohtani SS Bo Bichette OF Kyle Schwarber C Max Stassi 3B Gio Urshela OF Brandon Marsh 2B Tyler Wade,,Joey Wendle,2B,3.40%,5
72,3186407954,LTDOG24,0,95.55,P Alek Manoah P Nick Martinez OF Bryce Harper 2B Brandon Lowe OF Kyle Schwarber C J.T. Realmuto SS Didi Gregorius 3B Alec Bohm OF Brett Phillips 1B Billy McKinney,,Brett Phillips,OF,3.40%,0
72,3186465185,jetsfan8183,0,95.55,P Alek Manoah P Nick Martinez SS Wander Franco OF Starling Marte 1B Pete Alonso 2B Ozzie Albies OF Mark Canha OF Marcell Ozuna 3B J.D. Davis C Gary Sánchez,,Jean Segura,2B,3.40%,3
74,3186819757,beeman1031,0,95.35,P Michael Lorenzen P Dylan Bundy OF Bryce Harper 1B Shohei Ohtani OF Kyle Schwarber 2B Ozzie Albies 3B Austin Riley C J.T. Realmuto SS Didi Gregorius OF Matt Vierling,,Miguel Sanó,1B,3.19%,2
75,3186352488,BrettNolfo,0,95.2,P Luis Patiño P Michael Lorenzen OF Byron Buxton SS Carlos Correa 2B Jorge Polanco 1B Jared Walsh OF Adam Duvall OF Marcell Ozuna 3B Luis Arraez C Gary Sánchez,,Aaron Judge,OF,3.19%,2
76,3186452494,Epignosis,0,95.1,P Nick Martinez P Dylan Bundy 1B Vladimir Guerrero Jr. SS Bo Bichette OF George Springer 2B Ozzie Albies 3B Austin Riley OF Teoscar Hernández C Max Stassi OF Lourdes Gurriel Jr.,,Jameson Taillon,P,2.98%,16.25
77,3186712101,astwg3,0,94.55,P Alek Manoah P Nick Martinez 1B Vladimir Guerrero Jr. SS Bo Bichette OF George Springer OF Mitch Haniger 3B Matt Chapman 2B Luis Arraez C Gary Sánchez OF Julio Rodríguez,,Manny Machado,3B,2.98%,9
78,3186881897,11frantzs,0,94.35,P Michael Lorenzen P Dylan Bundy OF Byron Buxton 1B Matt Olson OF Kyle Schwarber SS Carlos Correa 2B Ozzie Albies 3B Austin Riley OF Marcell Ozuna C Manny Piña,,Darin Ruf,OF,2.77%,3
79,3186716524,Petec0525,0,93.85,P Alex Wood P Michael Lorenzen 1B Shohei Ohtani OF Byron Buxton OF Kyle Schwarber 2B Ozzie Albies 3B Austin Riley C Gary Sánchez SS Orlando Arcia OF Julio Rodríguez,,Eugenio Suárez,3B,2.77%,5
80,3186389569,bifff716,0,93.8,P Alek Manoah P Michael Lorenzen 2B Brandon Lowe SS Wander Franco OF Jesse Winker OF Mitch Haniger 3B Yandy Díaz 1B Ji-Man Choi C Cal Raleigh OF Julio Rodríguez,,J.D. Davis,3B,2.55%,5
80,3186800679,werewolvesoflondon,0,93.8,P Alek Manoah P Michael Lorenzen 1B Brandon Belt OF Kyle Schwarber SS Brandon Crawford 3B Austin Riley OF Mike Yastrzemski OF Darin Ruf C Gary Sánchez 2B Thairo Estrada,,Chris Flexen,P,2.55%,4.95
82,3186899390,structo,0,93.7,P Ranger Suárez P Michael Lorenzen 1B Matt Olson SS Wander Franco OF Jesse Winker 2B Ozzie Albies 3B Austin Riley OF Marcell Ozuna OF Brandon Marsh C Cal Raleigh,,Anthony Rizzo,1B,2.55%,4
83,3186834537,jjttn723,0,93.65,P Huascar Ynoa P Michael Lorenzen SS Wander Franco OF George Springer OF Jesse Winker 1B Pete Alonso OF Mark Canha 3B Abraham Toro 2B Luis Arraez C Gary Sánchez,,Santiago Espinal,2B,2.34%,20
84,3186589018,ianj300,0,93.6,P Alex Wood P Dylan Bundy 1B Matt Olson 2B Ozzie Albies 3B Austin Riley OF Jesús Sánchez SS Dansby Swanson OF Jorge Soler OF Marcell Ozuna C Max Stassi,,Zack Collins,C,2.34%,0
85,3186897266,Bearsfan17,0,93.2,P Luis Patiño P Michael Lorenzen OF Shohei Ohtani OF Byron Buxton OF Kyle Schwarber 1B Jared Walsh SS J.P. Crawford C Max Stassi 3B Luis Arraez 2B Orlando Arcia,,Kevin Kiermaier,OF,2.34%,0
86,3186347874,majonesogtomat,0,93.1,P Nick Martinez P Dylan Bundy 1B Shohei Ohtani OF Byron Buxton OF Giancarlo Stanton SS Carlos Correa 2B Jorge Polanco 3B Austin Riley OF Marcell Ozuna C Gary Sánchez,,Tony Kemp,2B,2.34%,8
87,3186727331,TJones4582,0,93.05,P Alek Manoah P Alex Wood 2B Brandon Lowe SS Wander Franco 3B Yandy Díaz OF Adam Duvall 1B Ji-Man Choi OF Josh Lowe C Joey Bart OF Julio Rodríguez,,Mark Canha,OF,2.34%,5
88,3186837464,murphyry,0,92.85,P Alex Wood P Michael Lorenzen OF Shohei Ohtani OF Byron Buxton 1B Matt Olson 2B Ozzie Albies 3B Austin Riley C Manny Piña SS Orlando Arcia OF Julio Rodríguez,,Tyler Wade,SS,2.34%,3
89,3186542158,jarjets89,0,92.75,P Alek Manoah P Jameson Taillon SS Jazz Chisholm Jr. 1B Jesús Aguilar OF Jesús Sánchez OF Jorge Soler 2B Abraham Toro C Max Stassi 3B Brian Anderson OF Joc Pederson,,Brandon Crawford,SS,2.34%,6
90,3186513465,upsdale,0,92.6,P Alex Wood P Nick Martinez SS Wander Franco OF Kyle Schwarber OF Giancarlo Stanton 2B Jean Segura 3B Anthony Rendon 1B Ji-Man Choi C Francisco Mejía OF Brandon Marsh,,Starling Marte,OF,2.13%,5
91,3186287510,bradton2345,0,92.55,P Alek Manoah P Nick Martinez 1B Shohei Ohtani 2B Brandon Lowe 3B Austin Riley C J.T. Realmuto OF Adam Duvall OF Marcell Ozuna OF Josh Lowe SS Taylor Walls,,J.P. Crawford,SS,2.13%,3
92,3186869434,rodchatman,0,92.35,P Michael Lorenzen P Nick Martinez OF Byron Buxton SS Carlos Correa OF Jesse Winker 2B Jorge Polanco OF Mitch Haniger 1B Ty France 3B Eugenio Suárez C Gary Sánchez,,Garrett Cooper,OF,2.13%,0
93,3186419232,IceHoya,0,91.9,P Alex Wood P Huascar Ynoa SS Bo Bichette OF George Springer 1B Jesús Aguilar OF Jesús Sánchez OF Jorge Soler 3B Joey Wendle C Jacob Stallings 2B Santiago Espinal,,Brandon Marsh,OF,2.13%,29
94,3186897178,BNair724,0,91.85,P Alex Wood P Michael Lorenzen OF Byron Buxton 1B Matt Olson 2B Ozzie Albies 3B Austin Riley OF Adam Duvall OF Marcell Ozuna C Gary Sánchez SS Luis Guillorme,,Joey Gallo,OF,2.13%,8
95,3186435182,theswartz88,0,91.6,P Alex Wood P Dylan Bundy OF Byron Buxton 2B Brandon Lowe SS Wander Franco 3B Austin Riley 1B Ji-Man Choi OF Marcell Ozuna C Francisco Mejía OF Josh Lowe,,Keibert Ruiz,C,2.13%,5
95,3186878963,bellefan08,0,91.6,P Alex Wood P Dylan Bundy OF Shohei Ohtani SS Wander Franco OF Teoscar Hernández OF Mitch Haniger 1B Ji-Man Choi 3B Matt Chapman 2B Luis Arraez C Gary Sánchez,,Eduardo Escobar,1B,2.13%,9
97,3186359952,radthad,0,91.55,P Alek Manoah P Dylan Bundy 1B Brandon Belt SS Bo Bichette 3B Manny Machado 2B Jake Cronenworth OF Jorge Soler OF Marcell Ozuna OF Joc Pederson C Alejandro Kirk,,Brian Anderson,3B,1.91%,0
98,3186567185,szeis03,0,91.45,P Ranger Suárez P Dylan Bundy OF Bryce Harper OF Byron Buxton 2B Brandon Lowe SS Wander Franco 1B Ji-Man Choi OF Seth Brown C Gary Sánchez 3B Taylor Walls,,Jose Rojas,OF,1.70%,0
99,3186741772,broncofisch,0,91.4,P Alek Manoah P Luis Patiño 1B Vladimir Guerrero Jr. SS Bo Bichette OF George Springer 2B Ozzie Albies 3B Gio Urshela C Austin Nola OF Jurickson Profar OF Julio Rodríguez,,Alex Kirilloff,OF,1.70%,3
100,3186577165,hack7,0,91.2,P Luis Patiño P Michael Lorenzen OF Byron Buxton 1B Matt Olson SS Carlos Correa 2B Jorge Polanco OF Adam Duvall OF Marcell Ozuna 3B Gio Urshela C Gary Sánchez,,Josh Bell,1B,1.70%,18
101,3186379183,Firedog50,0,91.15,P Michael Lorenzen P Paul Blackburn OF Bryce Harper OF Shohei Ohtani 1B Matt Olson 2B Ozzie Albies 3B Austin Riley SS Dansby Swanson OF Marcell Ozuna C Gary Sánchez,,Jacob Stallings,C,1.70%,0
102,3186728941,whodeywinning,0,91.1,P Nick Martinez P Dylan Bundy 1B Vladimir Guerrero Jr. OF Shohei Ohtani OF Byron Buxton 2B Brandon Lowe SS Wander Franco OF Kyle Schwarber 3B Taylor Walls C Cal Raleigh,,David Fletcher,2B,1.70%,0
103,3186822138,jackson_0824,0,90.85,P Alex Wood P Michael Lorenzen OF Bryce Harper OF Kyle Schwarber 2B Jorge Polanco OF Max Kepler SS Didi Gregorius 3B Luis Arraez 1B Alex Kirilloff C Francisco Mejía,,Gleyber Torres,SS,1.70%,3
104,3186644640,spamamoto,0,90.65,P Huascar Ynoa P Michael Lorenzen OF Byron Buxton 1B Matt Olson 2B Ozzie Albies SS Dansby Swanson OF Adam Duvall OF Marcell Ozuna 3B Luis Arraez C Gary Sánchez,,Luke Voit,1B,1.49%,7
105,3186888533,Chavalue3,0,90.6,P Alex Wood P Dylan Bundy 1B Shohei Ohtani OF Byron Buxton 2B Ozzie Albies 3B Austin Riley OF Adam Duvall OF Marcell Ozuna C Gary Sánchez SS Thairo Estrada,,DJ LeMahieu,3B,1.49%,0
106,3186228692,96mnc,0,90.55,P Alek Manoah P Nick Martinez OF Byron Buxton SS Carlos Correa 2B Ozzie Albies 3B Austin Riley 1B Miguel Sanó OF Marcell Ozuna C Gary Sánchez OF Josh Lowe,,Jake Cronenworth,2B,1.28%,8
106,3186553490,JSB11970,0,90.55,P Alek Manoah P Nick Martinez 1B Shohei Ohtani 2B Brandon Lowe SS Wander Franco 3B Austin Riley OF Adam Duvall C Francisco Mejía OF Josh Lowe OF Julio Rodríguez,,Brandon Nimmo,OF,1.28%,8
106,3186794065,htrader,0,90.55,P Alek Manoah P Nick Martinez 1B Shohei Ohtani 2B Brandon Lowe SS Wander Franco 3B Austin Riley OF Adam Duvall C Francisco Mejía OF Josh Lowe OF Julio Rodríguez,,Luis Guillorme,SS,1.28%,0
109,3186852054,Nik3144,0,90.4,P Huascar Ynoa P Nick Martinez 2B Brandon Lowe 1B Matt Olson SS Wander Franco OF George Springer 3B Austin Riley OF Marcell Ozuna C Austin Nola OF Josh Lowe,,Nelson Cruz,OF,1.28%,9
110,3186753485,Jkourp,0,90.1,P Nick Martinez P Dylan Bundy OF Bryce Harper OF Nick Castellanos 2B Brandon Lowe SS Wander Franco C J.T. Realmuto 3B Yandy Díaz 1B Ji-Man Choi OF Josh Lowe,,Jesús Aguilar,1B,1.28%,0
111,3186877488,uhhuhbro,0,89.85,P Alex Wood P Michael Lorenzen OF Kyle Schwarber 1B Rhys Hoskins C J.T. Realmuto OF Joey Gallo SS Dansby Swanson 2B Abraham Toro 3B Alec Bohm OF Matt Vierling,,Taijuan Walker,P,1.28%,12.5
112,3186250593,dpeezy82,0,89.6,P Alex Wood P Nick Martinez OF Shohei Ohtani OF Juan Soto 2B Brandon Lowe SS Wander Franco 3B Matt Chapman 1B Josh Bell OF Billy McKinney C Zack Collins,,Paul Blackburn,P,1.28%,26.85
113,3186524424,bkreider,0,89.55,P Alek Manoah P Dylan Bundy 1B Shohei Ohtani OF Juan Soto 2B Ozzie Albies 3B Austin Riley OF Nelson Cruz OF Marcell Ozuna C Manny Piña SS Orlando Arcia,,Elvis Andrus,SS,1.28%,28
114,3186895028,Ballerkb24,0,89.35,P Michael Lorenzen P Dylan Bundy OF Shohei Ohtani OF Giancarlo Stanton 1B Jared Walsh 2B Jean Segura 3B Anthony Rendon OF Adam Duvall C Max Stassi SS Didi Gregorius,,Kyle Higashioka,C,1.28%,0
115,3186742249,strikelightning83,0,89.2,P Alek Manoah P Elieser Hernandez 1B Brandon Belt SS Brandon Crawford 2B Jorge Polanco OF Mike Yastrzemski OF Max Kepler OF Joc Pederson 3B Gio Urshela C Gary Sánchez,,James McCann,C,1.28%,9
116,3186230251,youdacao,0,89.1,P Nick Martinez P Dylan Bundy OF Shohei Ohtani OF Byron Buxton 1B Matt Olson SS Carlos Correa 2B Ozzie Albies 3B Austin Riley OF Marcell Ozuna C Manny Piña,,Ha-Seong Kim,SS,1.06%,5
117,3186446521,ShaidyAdvice,0,89.05,P Alek Manoah P Alex Wood OF Byron Buxton SS Carlos Correa 2B Jorge Polanco OF Jorge Soler 3B Gio Urshela 1B Darin Ruf OF Mauricio Dubón C Cal Raleigh,,Matt Vierling,OF,1.06%,0
117,3186705037,Franks816,0,89.05,P Alek Manoah P Alex Wood 2B Brandon Lowe SS Wander Franco OF Mitch Haniger 1B Josh Bell OF Marcell Ozuna C Manny Piña OF Brett Phillips 3B Taylor Walls,,Eddie Rosario,OF,1.06%,2
119,3186295151,Wizeguy1015,0,88.85,P Alex Wood P Michael Lorenzen OF Shohei Ohtani OF Byron Buxton 2B Ozzie Albies 3B Austin Riley 1B Jared Walsh C Manny Piña SS Orlando Arcia OF Julio Rodríguez,,Sean Murphy,C,1.06%,14
120,3186645095,DS-Fan,0,88.6,P Alex Wood P Dylan Bundy OF Byron Buxton 2B Brandon Lowe SS Wander Franco 3B Austin Riley OF Adam Duvall 1B Ji-Man Choi C Gary Sánchez OF Josh Lowe,,Jurickson Profar,OF,1.06%,5
121,3186629012,jballen10,0,88.1,P Nick Martinez P Dylan Bundy 1B Shohei Ohtani OF Juan Soto 2B Brandon Lowe SS Wander Franco 3B Austin Riley OF Adam Duvall OF Marcell Ozuna C Gary Sánchez,,Chad Pinder,3B,0.85%,21
122,3186804817,Tokyobill,0,87.6,P Alex Wood P Dylan Bundy 1B Brandon Belt 2B Ozzie Albies 3B Austin Riley C J.T. Realmuto SS Dansby Swanson OF Adam Duvall OF Marcell Ozuna OF Joc Pederson,,Seth Brown,1B,0.64%,20
123,3186882598,bocul14,0,87.55,P Alek Manoah P Dylan Bundy OF Bryce Harper SS Wander Franco OF Kyle Schwarber 3B Yandy Díaz 1B Ji-Man Choi C Francisco Mejía OF Josh Lowe 2B Thairo Estrada,,Marwin Gonzalez,2B,0.64%,2
124,3186385925,rydagreat,0,87.35,P Michael Lorenzen P Dylan Bundy OF Bryce Harper SS Wander Franco OF Kyle Schwarber 2B Ozzie Albies 3B Austin Riley 1B Jared Walsh OF Marcell Ozuna C Gary Sánchez,,Mauricio Dubón,SS,0.64%,2
124,3186741120,blackstack524,0,87.35,P Michael Lorenzen P Dylan Bundy OF Shohei Ohtani OF Juan Soto 2B Ozzie Albies 3B Austin Riley 1B Jared Walsh SS Dansby Swanson OF Marcell Ozuna C Keibert Ruiz,,Mike Trout,OF,0.64%,0
126,3186732429,getloose,0,87.1,P Nick Martinez P Dylan Bundy OF Bryce Harper 2B Brandon Lowe SS Wander Franco OF Kyle Schwarber C J.T. Realmuto 3B Yandy Díaz 1B Ji-Man Choi OF Josh Lowe,,Trent Grisham,OF,0.64%,7
126,3186818039,thay3r,0,87.1,P Nick Martinez P Dylan Bundy OF Bryce Harper 2B Brandon Lowe SS Wander Franco OF Kyle Schwarber C J.T. Realmuto 3B Yandy Díaz 1B Ji-Man Choi OF Josh Lowe,,César Hernández,2B,0.64%,10
126,3186880386,peratan,0,87.1,P Nick Martinez P Dylan Bundy OF Bryce Harper OF Shohei Ohtani 1B Matt Olson 2B Ozzie Albies 3B Austin Riley SS Francisco Lindor OF Marcell Ozuna C Austin Nola,,Wil Myers,OF,0.43%,0
129,3186348430,MacPock,0,87.05,P Alek Manoah P Alex Wood 1B Brandon Belt 2B Ozzie Albies 3B Austin Riley OF Mike Yastrzemski OF Marcell Ozuna OF Darin Ruf C Joey Bart SS Mauricio Dubón,,Aaron Hicks,OF,0.43%,5
130,3186226290,tjnookie85,0,86.75,P Elieser Hernandez P Dylan Bundy OF Bryce Harper OF Nick Castellanos 2B Brandon Lowe OF Kyle Schwarber C J.T. Realmuto SS Didi Gregorius 3B Luis Arraez 1B Billy McKinney,,Sheldon Neuse,3B,0.43%,28
131,3186773677,Deathflower74,0,86.55,P Alek Manoah P Nick Martinez OF Shohei Ohtani 2B Brandon Lowe SS Wander Franco 3B Anthony Rendon 1B Ji-Man Choi C Francisco Mejía OF Josh Lowe OF Jose Rojas,,Josh Rogers,P,0.43%,17.6
131,3186864137,morganb4,0,86.55,P Alek Manoah P Nick Martinez 1B Shohei Ohtani OF Juan Soto 2B Ozzie Albies 3B Austin Riley SS Dansby Swanson OF Marcell Ozuna C Manny Piña OF Julio Rodríguez,,Travis d'Arnaud,C,0.21%,0
133,3186852588,tmac515,0,86.35,P Michael Lorenzen P Nick Martinez 1B Vladimir Guerrero Jr. SS Wander Franco OF Kyle Schwarber OF Giancarlo Stanton 2B Jean Segura OF Mark Canha 3B Alec Bohm C Francisco Mejía,,Avisaíl García,OF,0.21%,0
134,3186632069,cheeseisgood,0,86.2,P Alek Manoah P Elieser Hernandez 1B Brandon Belt SS Brandon Crawford OF Teoscar Hernández 3B Matt Chapman OF Mike Yastrzemski OF Joc Pederson C Gary Sánchez 2B Thairo Estrada,,Jo Adell,OF,0.21%,21
135,3186827404,EnricoPalatzo,0,86.05,P Alek Manoah P Alex Wood SS Bo Bichette 2B Jazz Chisholm Jr. OF Starling Marte C J.T. Realmuto 1B Luke Voit 3B J.D. Davis OF Billy McKinney OF Julio Rodríguez,,Lane Thomas,OF,0.21%,16
136,3186879054,Rushia,0,85.85,P Alex Wood P Michael Lorenzen 2B Brandon Lowe SS Wander Franco 3B Austin Riley OF Adam Duvall 1B Ji-Man Choi OF Marcell Ozuna C Francisco Mejía OF Josh Lowe,,Jack Mayfield,3B,0.21%,0
137,3186295542,dean78904,0,85.6,P Alex Wood P Dylan Bundy 1B Shohei Ohtani SS Wander Franco OF Kyle Schwarber 2B Ozzie Albies 3B Austin Riley OF Marcell Ozuna C Gary Sánchez OF Julio Rodríguez,,Bryson Stott,3B,0.21%,0
137,3186313759,shook1992,0,85.6,P Alex Wood P Dylan Bundy OF Shohei Ohtani OF Byron Buxton 2B Ozzie Albies 3B Austin Riley 1B Jared Walsh OF Marcell Ozuna C Gary Sánchez SS Tyler Wade,,Jeff McNeil,2B,0.21%,0
137,3186521294,erog30,0,85.6,P Alex Wood P Dylan Bundy 1B Shohei Ohtani OF Byron Buxton 2B Brandon Lowe SS Carlos Correa 3B Luis Arraez C Francisco Mejía OF Kevin Kiermaier OF Josh Lowe,,Luis García,SS,0.21%,0
137,3186677825,Drose0127,0,85.6,P Alex Wood P Dylan Bundy 1B Shohei Ohtani SS Wander Franco OF Kyle Schwarber 2B Ozzie Albies 3B Austin Riley OF Marcell Ozuna C Gary Sánchez OF Julio Rodríguez,,Luke Raley,OF,0.21%,0
137,3186843764,MSmith0818,0,85.6,P Alex Wood P Dylan Bundy 1B Shohei Ohtani OF Byron Buxton 2B Ozzie Albies 3B Austin Riley OF Adam Duvall OF Marcell Ozuna C Gary Sánchez SS Orlando Arcia,,Kameron Misner,OF,0.21%,0
137,3186853427,DClive8380,0,85.6,P Alex Wood P Dylan Bundy 1B Shohei Ohtani OF Byron Buxton 2B Ozzie Albies 3B Austin Riley OF Adam Duvall OF Marcell Ozuna C Gary Sánchez SS Orlando Arcia,,Elliot Soto,3B,0.21%,0
143,3186541773,clink221,0,85.55,P Alek Manoah P Nick Martinez OF Juan Soto OF Starling Marte 1B Pete Alonso SS Francisco Lindor OF Nelson Cruz C Keibert Ruiz 2B Jeff McNeil 3B J.D. Davis,,Buddy Reed,OF,0.21%,0
144,3186879996,bjjball44,0,85.1,P Nick Martinez P Dylan Bundy OF Shohei Ohtani OF Byron Buxton SS Carlos Correa 2B Ozzie Albies 3B Austin Riley 1B Jared Walsh OF Adam Duvall C Gary Sánchez,,Manuel Margot,OF,0.21%,0
145,3186544835,giantsquid,0,84.95,P Jameson Taillon P Elieser Hernandez OF Byron Buxton SS Jazz Chisholm Jr. 2B Ozzie Albies 1B Jesús Aguilar OF Jesús Sánchez OF Jorge Soler 3B Brian Anderson C Gary Sánchez,,Tres Barrera,C,0.21%,0
146,3186559505,wicked_mumbles,0,84.9,P Nick Martinez P Paul Blackburn OF Shohei Ohtani OF Kyle Schwarber OF Jesse Winker 2B Ozzie Albies 1B Jared Walsh C J.T. Realmuto 3B Anthony Rendon SS David Fletcher,,Alcides Escobar,SS,0.21%,0
147,3186371330,REDLEGGS,0,84.85,P Alex Wood P Michael Lorenzen 1B Matt Olson SS Wander Franco 2B Ozzie Albies 3B Austin Riley OF Adam Duvall OF Marcell Ozuna C Alejandro Kirk OF Josh Lowe,,Maikel Franco,3B,0.21%,33
147,3186430250,felder15,0,84.85,P Alex Wood P Michael Lorenzen 1B Matt Olson OF Kyle Schwarber 2B Ozzie Albies 3B Austin Riley C J.T. Realmuto OF Marcell Ozuna OF Josh Lowe SS Orlando Arcia,,,
147,3186863711,chaze881,0,84.85,P Alek Manoah P Huascar Ynoa 2B Brandon Lowe SS Wander Franco OF Adam Duvall 1B Ji-Man Choi OF Mike Yastrzemski 3B Gio Urshela C Austin Nola OF Billy McKinney,,,
150,3186825151,jukes22,0,84.55,P Alek Manoah P Dylan Bundy OF Shohei Ohtani SS Jazz Chisholm Jr. 3B Austin Riley 1B Jared Walsh OF Marcell Ozuna 2B Joey Wendle C James McCann OF Billy McKinney,,,
151,3186418061,natelub79,0,84.4,P Huascar Ynoa P Nick Martinez OF Byron Buxton OF Kyle Schwarber SS Carlos Correa 3B Austin Riley C J.T. Realmuto OF Marcell Ozuna 2B Luis Arraez 1B Billy McKinney,,,
152,3186700658,Nikhil1989,0,84,P Elieser Hernandez P Michael Lorenzen OF Byron Buxton 2B Brandon Lowe OF Kyle Schwarber SS Carlos Correa 1B Ji-Man Choi OF Max Kepler 3B Gio Urshela C Gary Sánchez,,,
153,3186606105,3rd_and_schlong,0,83.95,P Luis Patiño P Dylan Bundy OF Shohei Ohtani 2B Brandon Lowe SS Wander Franco OF George Springer 3B Austin Riley 1B Ji-Man Choi C Francisco Mejía OF Josh Lowe,,,
154,3186783056,michacarr11,0,83.9,P Alex Wood P Huascar Ynoa OF Byron Buxton SS Carlos Correa 1B Pete Alonso 3B Eduardo Escobar OF Marcell Ozuna 2B Luis Arraez C Joey Bart OF Julio Rodríguez,,,
154,3186867702,jmrutkowski,0,83.9,P Dylan Bundy P Paul Blackburn 1B Vladimir Guerrero Jr. OF Aaron Judge SS Bo Bichette OF George Springer 2B DJ LeMahieu OF Teoscar Hernández 3B Matt Chapman C Kyle Higashioka,,,
156,3186386374,jbfones,0,83.85,P Alex Wood P Michael Lorenzen OF Shohei Ohtani 2B Brandon Lowe 1B Jared Walsh 3B Anthony Rendon OF Jo Adell C Francisco Mejía OF Brett Phillips SS Tyler Wade,,,
156,3186801164,lalonskyy,0,83.85,P Alek Manoah P Huascar Ynoa 1B Brandon Belt SS Brandon Crawford OF Mike Yastrzemski 3B Luis Arraez 2B Tony Kemp OF Joc Pederson OF Darin Ruf C Gary Sánchez,,,
158,3186488551,jburner17,0,83.65,P Huascar Ynoa P Michael Lorenzen OF Byron Buxton SS Carlos Correa 2B Ozzie Albies 1B Jared Walsh OF Marcell Ozuna OF Max Kepler 3B Luis Arraez C Gary Sánchez,,,
158,3186885298,JakeN07,0,83.65,P Josh Rogers P Dylan Bundy OF Bryce Harper 1B Vladimir Guerrero Jr. OF Nick Castellanos SS Bo Bichette C J.T. Realmuto 3B Matt Chapman OF Lourdes Gurriel Jr. 2B Santiago Espinal,,,
160,3186499797,Ponta01,0,83.6,P Alex Wood P Dylan Bundy 1B Vladimir Guerrero Jr. OF George Springer OF Teoscar Hernández SS Francisco Lindor 2B Jean Segura 3B Matt Chapman OF Joc Pederson C Alejandro Kirk,,,
160,3186861826,s5clarey,0,83.6,P Huascar Ynoa P Jameson Taillon OF Jesse Winker 3B Manny Machado OF Mitch Haniger 1B Ty France 2B Jake Cronenworth OF Trent Grisham SS Elvis Andrus C Austin Nola,,,
162,3186807828,petelin,0,83.45,P Ranger Suárez P Dylan Bundy OF Shohei Ohtani OF Juan Soto OF Mike Trout 1B Jared Walsh SS Alcides Escobar 2B César Hernández C Gary Sánchez 3B Maikel Franco,,,
163,3186574966,Randyw07,0,83.4,P Huascar Ynoa P Nick Martinez OF Byron Buxton SS Wander Franco 1B Anthony Rizzo OF Teoscar Hernández 2B Jean Segura OF Mark Canha 3B Gio Urshela C Gary Sánchez,,,
163,3186687442,jjames1989,0,83.4,P Huascar Ynoa P Dylan Bundy OF Byron Buxton SS Carlos Correa 2B Jorge Polanco 1B Jared Walsh OF Teoscar Hernández OF Jorge Soler 3B Luis Arraez C Gary Sánchez,,,
165,3186549478,needlunchmoney,0,83.35,P Michael Lorenzen P Dylan Bundy OF Bryce Harper OF Kyle Schwarber 1B Pete Alonso SS Francisco Lindor C J.T. Realmuto 2B Jean Segura 3B J.D. Davis OF Matt Vierling,,,
165,3186899400,Jdietz15,0,83.35,P Michael Lorenzen P Nick Martinez OF Aaron Judge OF Juan Soto OF Giancarlo Stanton SS Carlos Correa 2B Jorge Polanco 1B Ji-Man Choi 3B Brian Anderson C Francisco Mejía,,,
167,3186329890,rbell112490,0,83.1,P Nick Martinez P Dylan Bundy OF Bryce Harper 1B Shohei Ohtani 2B Ozzie Albies 3B Austin Riley C J.T. Realmuto SS Dansby Swanson OF Adam Duvall OF Marcell Ozuna,,,
167,3186836822,slushfundx,0,83.1,P Nick Martinez P Dylan Bundy OF Bryce Harper 1B Shohei Ohtani 2B Ozzie Albies 3B Austin Riley C J.T. Realmuto SS Dansby Swanson OF Adam Duvall OF Marcell Ozuna,,,
169,3186777779,tweyerich,0,82.85,P Alex Wood P Michael Lorenzen OF Byron Buxton 2B Ozzie Albies 3B Austin Riley SS Dansby Swanson 1B Miguel Sanó OF Marcell Ozuna OF Max Kepler C Gary Sánchez,,,
170,3186415608,Cocstrong,0,82.6,P Alex Wood P Dylan Bundy OF Juan Soto 1B Matt Olson 2B Ozzie Albies 3B Austin Riley SS Dansby Swanson OF Marcell Ozuna OF Lane Thomas C Keibert Ruiz,,,
171,3186377515,cheeseheads1340,0,82.45,P Ranger Suárez P Dylan Bundy 1B Vladimir Guerrero Jr. SS Bo Bichette OF George Springer OF Teoscar Hernández 3B Anthony Rendon C Alejandro Kirk OF Brandon Marsh 2B David Fletcher,,,
172,3186499501,prescio0912,0,82.4,P Huascar Ynoa P Dylan Bundy OF Bryce Harper OF Byron Buxton SS Carlos Correa 2B Jorge Polanco 1B Ji-Man Choi 3B Luis Arraez C Francisco Mejía OF Josh Lowe,,,
173,3186469183,vicegolf22,0,82.35,P Michael Lorenzen P Nick Martinez OF Shohei Ohtani OF Juan Soto 1B Matt Olson 2B Ozzie Albies 3B Anthony Rendon SS Dansby Swanson OF Adam Duvall C Manny Piña,,,
174,3186835156,playerpropsavant,0,82.2,P Luis Patiño P Michael Lorenzen OF Shohei Ohtani SS Wander Franco 2B Ozzie Albies 1B Jared Walsh OF Adam Duvall OF Marcell Ozuna C Francisco Mejía 3B Gio Urshela,,,
175,3186705483,TwinkieOnIce,0,82.1,P Nick Martinez P Dylan Bundy OF Bryce Harper OF Nick Castellanos 2B Brandon Lowe SS Wander Franco OF Kyle Schwarber 1B Ji-Man Choi C Francisco Mejía 3B Gio Urshela,,,
175,3186830471,cpwathen,0,82.1,P Nick Martinez P Dylan Bundy OF Bryce Harper 1B Rhys Hoskins SS Jazz Chisholm Jr. 2B Ozzie Albies 3B Austin Riley C J.T. Realmuto OF Adam Duvall OF Marcell Ozuna,,,
177,3186680318,BoostedRS,0,81.85,P Alex Wood P Michael Lorenzen OF Bryce Harper 1B Shohei Ohtani OF Byron Buxton SS Carlos Correa 3B Gio Urshela OF Jose Rojas C Manny Piña 2B Orlando Arcia,,,
177,3186706487,jstodd22,0,81.85,P Alex Wood P Michael Lorenzen OF Bryce Harper 1B Shohei Ohtani OF Byron Buxton SS Carlos Correa 3B Gio Urshela OF Jose Rojas C Manny Piña 2B Orlando Arcia,,,
177,3186809283,BobbyHare911,0,81.85,P Alex Wood P Michael Lorenzen 1B Vladimir Guerrero Jr. SS Bo Bichette 2B Brandon Lowe OF George Springer OF Lourdes Gurriel Jr. C Francisco Mejía OF Josh Lowe 3B Taylor Walls,,,
180,3186642382,owensd224,0,81.75,P Elieser Hernandez P Nick Martinez 1B Vladimir Guerrero Jr. OF Byron Buxton SS Wander Franco 3B Austin Riley OF Mitch Haniger OF Marcell Ozuna 2B Tony Kemp C Gary Sánchez,,,
181,3186504841,venarda,0,81.6,P Alex Wood P Dylan Bundy 1B Shohei Ohtani SS Wander Franco 2B Ozzie Albies 3B Austin Riley OF Jorge Soler OF Marcell Ozuna C Gary Sánchez OF Julio Rodríguez,,,
182,3186793516,Badcompany13,0,81.55,P Alek Manoah P Dylan Bundy OF Shohei Ohtani 2B Ozzie Albies 3B Austin Riley 1B Jared Walsh OF Adam Duvall OF Marcell Ozuna C Manny Piña SS Taylor Walls,,,
183,3186865526,AnyGivenSaturday,0,81.45,P Alek Manoah P Chris Flexen 1B Vladimir Guerrero Jr. OF Teoscar Hernández OF Mitch Haniger 3B Matt Chapman SS Elvis Andrus 2B Thairo Estrada OF Billy McKinney C Zack Collins,,,
184,3186326885,Dubhallfatz,0,81.4,P Huascar Ynoa P Nick Martinez SS Wander Franco 2B Jazz Chisholm Jr. 3B Manny Machado 1B Jesús Aguilar OF Jesús Sánchez OF Jorge Soler C Max Stassi OF Garrett Cooper,,,
184,3186654934,bh56366,0,81.4,P Huascar Ynoa P Dylan Bundy 1B Vladimir Guerrero Jr. SS Bo Bichette OF George Springer OF Teoscar Hernández OF Mark Canha 3B Matt Chapman 2B Luis Arraez C Joey Bart,,,
186,3186863025,dollarbl,0,81.05,P Alek Manoah P Alex Wood 2B Brandon Lowe SS Wander Franco 1B Ji-Man Choi OF Marcell Ozuna OF Max Kepler 3B Gio Urshela C Manny Piña OF Brett Phillips,,,
187,3186403853,Tystar243,0,80.95,P Luis Patiño P Dylan Bundy OF Bryce Harper 1B Shohei Ohtani OF Juan Soto 3B Manny Machado 2B Jake Cronenworth OF Trent Grisham C Austin Nola SS Ha-Seong Kim,,,
188,3186427083,bears14hockey,0,80.6,P Alex Wood P Dylan Bundy OF Shohei Ohtani SS Wander Franco 2B Ozzie Albies 3B Austin Riley 1B Jared Walsh OF Marcell Ozuna OF Joc Pederson C Manny Piña,,,
189,3186504284,kraig,0,80.4,P Huascar Ynoa P Dylan Bundy OF Bryce Harper 1B Shohei Ohtani SS Wander Franco 2B Ozzie Albies 3B Austin Riley OF Marcell Ozuna C Austin Nola OF Julio Rodríguez,,,
190,3186620635,Juggernautzd,0,79.6,P Alex Wood P Dylan Bundy OF Byron Buxton SS Carlos Correa 2B Ozzie Albies 3B Austin Riley OF Adam Duvall 1B Miguel Sanó OF Marcell Ozuna C Gary Sánchez,,,
190,3186672938,Notorioussog,0,79.6,P Alex Wood P Dylan Bundy 1B Shohei Ohtani SS Wander Franco 2B Ozzie Albies 3B Austin Riley OF Adam Duvall OF Mike Yastrzemski OF Marcell Ozuna C Manny Piña,,,
190,3186752573,RubioDimes,0,79.6,P Alex Wood P Dylan Bundy OF Byron Buxton SS Carlos Correa 2B Ozzie Albies 3B Austin Riley OF Adam Duvall 1B Miguel Sanó OF Marcell Ozuna C Gary Sánchez,,,
193,3186434530,bigdog002,0,79.55,P Alek Manoah P Dylan Bundy SS Bo Bichette 1B Matt Olson 2B Ozzie Albies 3B Austin Riley OF Adam Duvall OF Marcell Ozuna C Francisco Mejía OF Billy McKinney,,,
194,3186842172,Lakejockwood651,0,79.4,P Huascar Ynoa P Dylan Bundy OF Shohei Ohtani OF Byron Buxton SS Wander Franco 3B Austin Riley 1B Ji-Man Choi OF Marcell Ozuna 2B David Fletcher C Manny Piña,,,
195,3186721214,mackman1995,0,79.35,P Michael Lorenzen P Dylan Bundy OF Bryce Harper 2B Brandon Lowe SS Wander Franco OF Kyle Schwarber 1B Jared Walsh 3B Yandy Díaz C Francisco Mejía OF Josh Lowe,,,
196,3186872745,wlcjr1963,0,79.2,P Luis Patiño P Michael Lorenzen OF Shohei Ohtani SS Wander Franco 2B Ozzie Albies 3B Austin Riley 1B Jared Walsh OF Marcell Ozuna OF Joc Pederson C Gary Sánchez,,,
197,3186896033,desperados1,0,79.05,P Huascar Ynoa P Elieser Hernandez 2B Brandon Lowe SS Wander Franco 1B Pete Alonso OF Jesús Sánchez OF Adam Duvall OF Marcell Ozuna 3B Brian Anderson C James McCann,,,
198,3186574054,Mwise120,0,78.85,P Alek Manoah P Huascar Ynoa 2B Ozzie Albies 3B Austin Riley 1B Jared Walsh OF Adam Duvall OF Marcell Ozuna OF Brandon Marsh SS David Fletcher C Manny Piña,,,
199,3186900082,tonytohka,0,78.6,P Alex Wood P Nick Martinez SS Wander Franco OF Kyle Schwarber OF Jesse Winker 3B Manny Machado OF Mitch Haniger 2B Abraham Toro 1B Josh Bell C Cal Raleigh,,,
200,3186787752,Blaze252,0,78.4,P Alek Manoah P Luis Patiño OF Shohei Ohtani 2B Ozzie Albies 3B Austin Riley 1B Jared Walsh OF Marcell Ozuna C Austin Nola SS Taylor Walls OF Julio Rodríguez,,,
201,3186282146,Jbones733,0,78.2,P Luis Patiño P Michael Lorenzen OF Nick Castellanos 2B Brandon Lowe SS Wander Franco OF Kyle Schwarber 1B Ji-Man Choi 3B Alec Bohm C Francisco Mejía OF Kevin Kiermaier,,,
202,3186471202,jontlevy,0,78.1,P Nick Martinez P Dylan Bundy OF Bryce Harper OF Nick Castellanos 1B Rhys Hoskins 2B Ozzie Albies 3B Austin Riley C J.T. Realmuto OF Eddie Rosario SS Orlando Arcia,,,
203,3186274474,flatliners2134,0,77.95,P Luis Patiño P Dylan Bundy OF Bryce Harper OF Kyle Schwarber 1B Rhys Hoskins 2B Ozzie Albies C J.T. Realmuto OF Marcell Ozuna SS Didi Gregorius 3B J.D. Davis,,,
204,3186856347,hardwood,0,77.85,P Alex Wood P Michael Lorenzen 1B Vladimir Guerrero Jr. OF Aaron Judge 3B Austin Riley OF Adam Duvall SS Gleyber Torres C Sean Murphy 2B Tony Kemp OF Billy McKinney,,,
205,3186677632,Thegoldcobra,0,77.75,P Ranger Suárez P Huascar Ynoa OF Byron Buxton SS Carlos Correa 2B Jorge Polanco 1B Jared Walsh OF Max Kepler 3B Luis Arraez OF Sheldon Neuse C Cal Raleigh,,,
206,3186430648,bgrier85,0,77.35,P Michael Lorenzen P Dylan Bundy OF Bryce Harper 1B Shohei Ohtani OF Kyle Schwarber 2B Ozzie Albies 3B Austin Riley SS Dansby Swanson OF Marcell Ozuna C Manny Piña,,,
207,3186695598,rhino2300,0,77.2,P Luis Patiño P Michael Lorenzen 2B Brandon Lowe SS Wander Franco OF Teoscar Hernández OF Mitch Haniger 3B Yandy Díaz 1B Ji-Man Choi OF Marcell Ozuna C Francisco Mejía,,,
208,3186495862,rockysmith23,0,76.85,P Alex Wood P Michael Lorenzen OF Shohei Ohtani 2B Ozzie Albies 3B Austin Riley SS Dansby Swanson OF Adam Duvall 1B Ji-Man Choi C Francisco Mejía OF Josh Lowe,,,
208,3186801711,NickShlainBP,0,76.85,P Alek Manoah P Huascar Ynoa OF Byron Buxton 2B Brandon Lowe SS Wander Franco 1B Miguel Sanó C Gary Sánchez OF Josh Lowe OF Brett Phillips 3B Taylor Walls,,,
210,3186499246,Evilempire2626,0,76.6,P Huascar Ynoa P Jameson Taillon OF Nick Castellanos 2B Brandon Lowe SS Francisco Lindor 1B Ji-Man Choi OF Marcell Ozuna 3B Luis Arraez C Sean Murphy OF Darin Ruf,,,
210,3186510449,honeybadgerDFS,0,76.6,P Alex Wood P Nick Martinez 1B Matt Olson SS Wander Franco 2B Ozzie Albies 3B Austin Riley OF Adam Duvall OF Marcell Ozuna C Francisco Mejía OF Josh Lowe,,,
212,3186650254,dannyvlav,0,76.45,P Alex Wood P Luis Patiño OF Juan Soto 2B Ozzie Albies 3B Austin Riley 1B Josh Bell OF Marcell Ozuna SS Didi Gregorius C Keibert Ruiz OF Joc Pederson,,,
213,3186878798,scott12e12,0,76.4,P Alek Manoah P Luis Patiño OF Juan Soto 1B Rhys Hoskins 2B Ozzie Albies OF Adam Duvall OF Marcell Ozuna 3B Gio Urshela C Gary Sánchez SS Taylor Walls,,,
214,3186707444,SonniB,0,76,P Alek Manoah P Taijuan Walker SS Bo Bichette OF Starling Marte 1B Pete Alonso OF Brandon Nimmo OF Lourdes Gurriel Jr. 2B Tony Kemp C James McCann 3B Luis Guillorme,,,
214,3186710520,jonjonlegend,0,76,P Elieser Hernandez P Michael Lorenzen 2B Brandon Lowe 1B Matt Olson SS Wander Franco OF Kyle Schwarber 3B Austin Riley OF Mitch Haniger C Gary Sánchez OF Julio Rodríguez,,,
216,3186511552,eiflerak,0,75.95,P Luis Patiño P Dylan Bundy OF Bryce Harper OF Nick Castellanos OF Kyle Schwarber C J.T. Realmuto 1B Miguel Sanó SS Didi Gregorius 2B Luis Arraez 3B Gio Urshela,,,
217,3186729820,dubcity3,0,75.85,P Alek Manoah P Huascar Ynoa 3B Manny Machado 2B Ozzie Albies SS Dansby Swanson OF Marcell Ozuna OF Max Kepler OF Lourdes Gurriel Jr. 1B Luke Voit C Austin Nola,,,
217,3186738649,hanleyp20,0,75.85,P Alek Manoah P Huascar Ynoa 2B Brandon Lowe SS Wander Franco OF Adam Duvall 1B Eduardo Escobar OF Marcell Ozuna C Francisco Mejía OF Josh Lowe 3B Taylor Walls,,,
217,3186898074,mkpullano,0,75.85,P Alek Manoah P Huascar Ynoa 1B Matt Olson 2B Ozzie Albies 3B Austin Riley OF Adam Duvall OF Marcell Ozuna C Alejandro Kirk OF Josh Lowe SS Santiago Espinal,,,
220,3186759223,Aubameyang17,0,75.6,P Alex Wood P Nick Martinez 1B Shohei Ohtani 2B Ozzie Albies 3B Austin Riley OF Eddie Rosario OF Adam Duvall OF Marcell Ozuna SS Didi Gregorius C Francisco Mejía,,,
220,3186830759,timg2010,0,75.6,P Alex Wood P Dylan Bundy 1B Shohei Ohtani 2B Brandon Lowe SS Wander Franco 3B Austin Riley OF Adam Duvall OF Marcell Ozuna C Francisco Mejía OF Brett Phillips,,,
220,3186838881,philydo,0,75.6,P Alex Wood P Dylan Bundy OF Byron Buxton 2B Brandon Lowe SS Carlos Correa 3B Yandy Díaz 1B Miguel Sanó OF Mike Yastrzemski OF Marcell Ozuna C Gary Sánchez,,,
223,3186875623,daquestion4u,0,74.85,P Alek Manoah P Huascar Ynoa 2B Brandon Lowe SS Wander Franco 3B Anthony Rendon 1B Ji-Man Choi OF Marcell Ozuna OF Lourdes Gurriel Jr. C Gary Sánchez OF Julio Rodríguez,,,
224,3186541678,Scribe385,0,74.55,P Alek Manoah P Dylan Bundy 1B Vladimir Guerrero Jr. 2B Brandon Lowe SS Wander Franco OF Kyle Schwarber 3B Austin Riley OF Josh Lowe OF Billy McKinney C Cal Raleigh,,,
224,3186873627,jkwacala,0,74.55,P Alek Manoah P Nick Martinez SS Wander Franco OF Kyle Schwarber OF Mitch Haniger 1B Ty France 3B Eugenio Suárez 2B Abraham Toro C Francisco Mejía OF Josh Lowe,,,
226,3186305293,AmedRosario1,0,74.4,P Huascar Ynoa P Nick Martinez 1B Shohei Ohtani OF Kyle Schwarber 2B Ozzie Albies 3B Austin Riley OF Adam Duvall OF Marcell Ozuna SS Didi Gregorius C Austin Nola,,,
226,3186312657,JdHawkk,0,74.4,P Alek Manoah P Luis Patiño OF Byron Buxton 2B Brandon Lowe 3B Austin Riley 1B Ji-Man Choi C Francisco Mejía OF Joc Pederson OF Josh Lowe SS Taylor Walls,,,
228,3186850177,dutchsausages,0,74.2,P Luis Patiño P Michael Lorenzen 1B Shohei Ohtani OF Juan Soto 2B Ozzie Albies 3B Austin Riley OF Mike Yastrzemski OF Marcell Ozuna SS Didi Gregorius C Manny Piña,,,
229,3186318116,mullethunter45,0,73.9,P Alek Manoah P Ranger Suárez 1B Rhys Hoskins 3B Austin Riley C J.T. Realmuto 2B Joey Wendle SS Didi Gregorius OF Joc Pederson OF Wil Myers OF Matt Vierling,,,
230,3186330589,Beachlt11782,0,73.85,P Alex Wood P Michael Lorenzen OF Bryce Harper 1B Shohei Ohtani 2B Ozzie Albies 3B Austin Riley OF Marcell Ozuna C Francisco Mejía OF Josh Lowe SS Orlando Arcia,,,
231,3186729170,KarrosHair,0,73.65,P Huascar Ynoa P Michael Lorenzen 1B Matt Olson SS Wander Franco 2B Ozzie Albies 3B Austin Riley OF Adam Duvall OF Marcell Ozuna C Francisco Mejía OF Josh Lowe,,,
231,3186746071,singletaryk,0,73.65,P Huascar Ynoa P Michael Lorenzen 1B Matt Olson SS Wander Franco 2B Ozzie Albies 3B Austin Riley OF Adam Duvall OF Marcell Ozuna C Francisco Mejía OF Josh Lowe,,,
233,3186327332,FabFive75,0,73.4,P Huascar Ynoa P Dylan Bundy OF Bryce Harper OF Byron Buxton OF Kyle Schwarber 2B Jean Segura SS Didi Gregorius 1B Garrett Cooper 3B Luis Arraez C Gary Sánchez,,,
233,3186766493,bloodboogs66,0,73.4,P Huascar Ynoa P Nick Martinez OF Byron Buxton 2B Brandon Lowe SS Wander Franco 3B Austin Riley OF Adam Duvall 1B Ji-Man Choi C Francisco Mejía OF Josh Lowe,,,
235,3186780097,F0rsaken,0,73.35,P Michael Lorenzen P Nick Martinez 1B Shohei Ohtani OF Nick Castellanos OF Giancarlo Stanton 3B DJ LeMahieu OF Joey Gallo SS Gleyber Torres 2B Adam Frazier C Kyle Higashioka,,,
235,3186784702,Schusyy,0,73.35,P Michael Lorenzen P Dylan Bundy OF Bryce Harper 1B Matt Olson OF Kyle Schwarber 2B Ozzie Albies 3B Austin Riley SS Dansby Swanson OF Adam Duvall C Gary Sánchez,,,
237,3186399229,ziigmund,0,73.25,P Alex Wood P Elieser Hernandez OF Nick Castellanos SS Wander Franco 1B Rhys Hoskins 2B Jean Segura 3B Alec Bohm C Francisco Mejía OF Kevin Kiermaier OF Josh Lowe,,,
238,3186439811,mawages,0,73.2,P Luis Patiño P Michael Lorenzen OF Bryce Harper OF Nick Castellanos OF Kyle Schwarber 1B Rhys Hoskins 2B Abraham Toro SS Didi Gregorius 3B J.D. Davis C Joey Bart,,,
238,3186871062,echad252,0,73.2,P Luis Patiño P Michael Lorenzen OF Shohei Ohtani 2B Ozzie Albies 3B Austin Riley 1B Jared Walsh SS Dansby Swanson OF Adam Duvall OF Marcell Ozuna C Austin Nola,,,
240,3186880182,dublinking,0,73.1,P Nick Martinez P Dylan Bundy OF Shohei Ohtani OF Aaron Judge 1B Matt Olson SS Carlos Correa 2B Ozzie Albies 3B Austin Riley OF Marcell Ozuna C Gary Sánchez,,,
241,3186836103,goonies24200,0,73.05,P Alek Manoah P Alex Wood OF Jesse Winker SS Francisco Lindor 1B Ty France OF Brandon Nimmo 2B Adam Frazier C James McCann 3B Luis Guillorme OF Julio Rodríguez,,,
242,3186493771,nparker24,0,72.85,P Alex Wood P Michael Lorenzen OF Bryce Harper OF Nick Castellanos 3B Austin Riley 2B Jean Segura OF Marcell Ozuna 1B Alec Bohm C Manny Piña SS Orlando Arcia,,,
242,3186852925,JNext18,0,72.85,P Alek Manoah P Huascar Ynoa OF Jesse Winker 2B Ozzie Albies 1B Miguel Sanó OF Marcell Ozuna SS Didi Gregorius OF Lourdes Gurriel Jr. 3B Luis Arraez C Manny Piña,,,
244,3186333418,wimpy131313,0,72.7,P Ranger Suárez P Michael Lorenzen 1B Matt Olson SS Wander Franco 2B Ozzie Albies 3B Austin Riley OF Adam Duvall OF Marcell Ozuna C Francisco Mejía OF Josh Lowe,,,
245,3186768631,toppdawg1979,0,71.75,P Luis Patiño P Paul Blackburn OF Bryce Harper OF Nick Castellanos OF Kyle Schwarber 1B Jared Walsh C J.T. Realmuto 3B Anthony Rendon SS Didi Gregorius 2B Thairo Estrada,,,
246,3186484362,storm0812,0,71.6,P Alex Wood P Nick Martinez 1B Shohei Ohtani 2B Brandon Lowe 3B Austin Riley SS Dansby Swanson OF Adam Duvall OF Marcell Ozuna C Max Stassi OF Josh Lowe,,,
246,3186494408,Tbit79,0,71.6,P Alex Wood P Dylan Bundy 2B Brandon Lowe 1B Matt Olson SS Wander Franco 3B Austin Riley OF Adam Duvall OF Mike Yastrzemski OF Marcell Ozuna C Manny Piña,,,
246,3186606644,zippo1974,0,71.6,P Alex Wood P Dylan Bundy 1B Vladimir Guerrero Jr. 2B Ozzie Albies 3B Austin Riley OF Teoscar Hernández SS Dansby Swanson OF Adam Duvall OF Marcell Ozuna C Joey Bart,,,
249,3186297925,lgdaddy,0,71.4,P Huascar Ynoa P Dylan Bundy OF Bryce Harper OF Byron Buxton 2B Brandon Lowe 1B Miguel Sanó OF Max Kepler SS Didi Gregorius 3B Luis Arraez C Francisco Mejía,,,
249,3186870423,Kruggers,0,71.4,P Huascar Ynoa P Dylan Bundy OF Shohei Ohtani SS Wander Franco 2B Ozzie Albies 1B Jared Walsh 3B Anthony Rendon OF Adam Duvall C Max Stassi OF Josh Lowe,,,
251,3186360264,jerseymike07,0,71.35,P Michael Lorenzen P Nick Martinez OF Mike Trout SS Wander Franco OF Kyle Schwarber OF Jesse Winker 1B Jared Walsh 3B Anthony Rendon 2B Adam Frazier C Francisco Mejía,,,
252,3186418113,corycheck,0,71.2,P Luis Patiño P Michael Lorenzen 2B Brandon Lowe SS Wander Franco OF Giancarlo Stanton 3B Yandy Díaz OF Adam Duvall 1B Ji-Man Choi OF Marcell Ozuna C Francisco Mejía,,,
253,3186887341,rh1580,0,70.95,P Luis Patiño P Dylan Bundy 1B Shohei Ohtani OF Byron Buxton 2B Brandon Lowe SS Wander Franco 3B Austin Riley OF Kevin Kiermaier C Gary Sánchez OF Josh Lowe,,,
254,3186716258,TitanUpML,0,70.9,P Alex Wood P Huascar Ynoa OF Byron Buxton SS Wander Franco 3B Austin Riley 1B Ji-Man Choi 2B Joey Wendle C Francisco Mejía OF Josh Lowe OF Billy McKinney,,,
255,3186430859,padair,0,70.65,P Huascar Ynoa P Michael Lorenzen OF Byron Buxton 1B Rhys Hoskins SS Carlos Correa 3B Eugenio Suárez 2B Abraham Toro OF Max Kepler OF Alex Kirilloff C Gary Sánchez,,,
255,3186565772,sportsbamer,0,70.65,P Huascar Ynoa P Michael Lorenzen 1B Matt Olson OF Kyle Schwarber 2B Ozzie Albies 3B Austin Riley OF Adam Duvall OF Marcell Ozuna SS Didi Gregorius C Gary Sánchez,,,
255,3186584615,jfoxbro8,0,70.65,P Huascar Ynoa P Michael Lorenzen 1B Matt Olson OF Kyle Schwarber 2B Ozzie Albies 3B Austin Riley OF Adam Duvall OF Marcell Ozuna SS Didi Gregorius C Gary Sánchez,,,
258,3186721973,houstonreese,0,70.6,P Alex Wood P Dylan Bundy OF Shohei Ohtani SS Carlos Correa 2B Ozzie Albies 3B Austin Riley 1B Jared Walsh OF Marcell Ozuna OF Joc Pederson C Gary Sánchez,,,
259,3186712969,nawlinsaaints,0,70.45,P Alex Wood P Luis Patiño OF Byron Buxton 1B Matt Olson 3B Austin Riley OF Mark Canha OF Marcell Ozuna 2B Luis Arraez C Gary Sánchez SS Mauricio Dubón,,,
260,3186713396,wongusjack,0,70.2,P Luis Patiño P Michael Lorenzen OF Bryce Harper OF Nick Castellanos OF Kyle Schwarber 1B Jared Walsh SS Didi Gregorius 2B Luis Arraez 3B Gio Urshela C Manny Piña,,,
261,3186197592,hafftime,0,69.95,P Luis Patiño P Nick Martinez OF Bryce Harper SS Wander Franco OF Kyle Schwarber 3B Manny Machado 1B Ji-Man Choi OF Max Kepler 2B Luis Arraez C Francisco Mejía,,,
261,3186860185,mohawk86,0,69.95,P Luis Patiño P Dylan Bundy 1B Shohei Ohtani OF Byron Buxton SS Carlos Correa 2B Ozzie Albies 3B Austin Riley OF Adam Duvall OF Marcell Ozuna C Cal Raleigh,,,
263,3186778171,CamIsMoney,0,69.9,P Alex Wood P Huascar Ynoa OF Bryce Harper OF Kyle Schwarber C J.T. Realmuto SS Didi Gregorius 3B Alec Bohm 2B Tony Kemp OF Josh Lowe 1B Billy McKinney,,,
264,3186233535,datdudewhomakesu,0,69.55,P Alek Manoah P Nick Martinez 1B Shohei Ohtani 2B Brandon Lowe OF Kyle Schwarber 3B Austin Riley OF Adam Duvall OF Josh Lowe C Manny Piña SS Orlando Arcia,,,
264,3186790843,kglav91,0,69.55,P Alek Manoah P Nick Martinez SS Wander Franco OF Jesse Winker OF Mitch Haniger 1B Ty France 3B Yandy Díaz 2B Adam Frazier C Francisco Mejía OF Josh Lowe,,,
266,3186737656,WavelandAveGuy,0,69.4,P Huascar Ynoa P Dylan Bundy OF Byron Buxton 1B Matt Olson 2B Ozzie Albies 3B Austin Riley SS Francisco Lindor OF Marcell Ozuna C Francisco Mejía OF Josh Lowe,,,
267,3186899805,PooParticles,0,69.05,P Huascar Ynoa P Elieser Hernandez SS Jazz Chisholm Jr. 3B Austin Riley C J.T. Realmuto OF Jesús Sánchez OF Jorge Soler 2B Joey Wendle 1B Alec Bohm OF Wil Myers,,,
268,3186550549,woodson20,0,68.95,P Luis Patiño P Dylan Bundy OF Shohei Ohtani 2B Brandon Lowe SS Wander Franco 3B Austin Riley OF Adam Duvall 1B Ji-Man Choi OF Marcell Ozuna C Francisco Mejía,,,
268,3186878520,lmatto,0,68.95,P Luis Patiño P Nick Martinez OF Juan Soto 2B Brandon Lowe SS Wander Franco OF Kyle Schwarber 1B Rhys Hoskins 3B Alec Bohm OF Josh Lowe C Zack Collins,,,
270,3186508389,theriot326,0,68.9,P Alek Manoah P Ranger Suárez 2B Jazz Chisholm Jr. 1B Jesús Aguilar OF Jesús Sánchez SS Dansby Swanson OF Adam Duvall OF Jorge Soler C Joey Bart 3B Bryson Stott,,,
270,3186887343,jbmeylor,0,68.9,P Alex Wood P Huascar Ynoa OF Byron Buxton SS Carlos Correa 1B Jared Walsh OF Lourdes Gurriel Jr. 2B Luis Arraez OF Joc Pederson 3B Gio Urshela C Gary Sánchez,,,
272,3186636914,Smoevk27,0,68.7,P Ranger Suárez P Michael Lorenzen OF Bryce Harper OF Kyle Schwarber 2B Ozzie Albies 1B Jared Walsh OF Mitch Haniger 3B Luis Arraez SS Thairo Estrada C Joey Bart,,,
273,3186599210,mjc08bc,0,68.65,P Ranger Suárez P Jameson Taillon OF Byron Buxton SS Carlos Correa 2B Ozzie Albies OF Adam Duvall OF Marcell Ozuna 1B Alex Kirilloff 3B Gio Urshela C Gary Sánchez,,,
274,3186868917,jeyster2,0,68.45,P Alex Wood P Luis Patiño 1B Vladimir Guerrero Jr. SS Wander Franco OF Teoscar Hernández 3B Yandy Díaz OF Lourdes Gurriel Jr. C Francisco Mejía OF Josh Lowe 2B Santiago Espinal,,,
275,3186761169,divide8by10,0,68.4,P Huascar Ynoa P Nick Martinez 1B Matt Olson SS Wander Franco 2B Ozzie Albies 3B Austin Riley OF Joey Gallo OF Adam Duvall OF Marcell Ozuna C Gary Sánchez,,,
275,3186815926,seanfol72,0,68.4,P Huascar Ynoa P Dylan Bundy OF Bryce Harper OF Kyle Schwarber 2B Ozzie Albies 3B Austin Riley C J.T. Realmuto OF Marcell Ozuna 1B Alec Bohm SS Taylor Walls,,,
277,3186340013,Black-eyed_God,0,67.95,P Luis Patiño P Nick Martinez OF Shohei Ohtani 1B Matt Olson 2B Ozzie Albies SS Francisco Lindor C J.T. Realmuto 3B Anthony Rendon OF Marcell Ozuna OF Jose Rojas,,,
278,3186717932,souelle2,0,67.9,P Alex Wood P Huascar Ynoa 2B Ozzie Albies 3B Austin Riley C J.T. Realmuto 1B Eduardo Escobar OF Marcell Ozuna SS Didi Gregorius OF Lourdes Gurriel Jr. OF Josh Lowe,,,
279,3186890395,davidnathanrubin,0,67.55,P Alek Manoah P Nick Martinez OF Jesse Winker 2B Ozzie Albies OF Mitch Haniger 1B Ty France SS Dansby Swanson 3B Eugenio Suárez OF Marcell Ozuna C Manny Piña,,,
280,3186836152,BenUpton,0,67.45,P Alek Manoah P Chris Flexen SS Brandon Crawford OF Mitch Haniger 1B Ty France 3B Eugenio Suárez 2B Abraham Toro OF Joc Pederson C Joey Bart OF Julio Rodríguez,,,
281,3186182360,Kloso11,0,67.4,P Huascar Ynoa P Nick Martinez OF Bryce Harper OF Nick Castellanos OF Kyle Schwarber C J.T. Realmuto 3B Anthony Rendon SS Didi Gregorius 2B Tony Kemp 1B Billy McKinney,,,
281,3186791013,Jimbobwae42,0,67.4,P Huascar Ynoa P Dylan Bundy OF Byron Buxton 1B Matt Olson 2B Ozzie Albies SS Francisco Lindor 3B Anthony Rendon OF Jorge Soler OF Marcell Ozuna C Gary Sánchez,,,
283,3186432805,MVS13,0,66.95,P Luis Patiño P Dylan Bundy OF Bryce Harper 1B Shohei Ohtani 2B Ozzie Albies 3B Austin Riley C J.T. Realmuto SS Dansby Swanson OF Marcell Ozuna OF Julio Rodríguez,,,
283,3186473807,kraner61,0,66.95,P Luis Patiño P Dylan Bundy OF Byron Buxton 2B Brandon Lowe SS Carlos Correa 3B Austin Riley OF Adam Duvall 1B Ji-Man Choi OF Marcell Ozuna C Francisco Mejía,,,
283,3186697910,tristan214,0,66.95,P Luis Patiño P Nick Martinez OF Shohei Ohtani 2B Brandon Lowe SS Wander Franco OF Mitch Haniger 3B Anthony Rendon 1B Ji-Man Choi C Max Stassi OF Josh Lowe,,,
286,3186221254,silkyjohnson411,0,66.6,P Huascar Ynoa P Jameson Taillon 1B Matt Olson SS Wander Franco 2B Ozzie Albies 3B Austin Riley OF Adam Duvall OF Marcell Ozuna C Francisco Mejía OF Julio Rodríguez,,,
286,3186269226,Orochi,0,66.6,P Alex Wood P Dylan Bundy OF Shohei Ohtani 2B Ozzie Albies 3B Austin Riley 1B Jared Walsh SS Dansby Swanson OF Adam Duvall OF Marcell Ozuna C Gary Sánchez,,,
286,3186407451,medicine,0,66.6,P Alex Wood P Dylan Bundy OF Shohei Ohtani 2B Ozzie Albies 3B Austin Riley 1B Jared Walsh SS Dansby Swanson OF Adam Duvall OF Marcell Ozuna C Gary Sánchez,,,
286,3186429524,Moose5454,0,66.6,P Alex Wood P Dylan Bundy OF Shohei Ohtani 2B Ozzie Albies 3B Austin Riley 1B Jared Walsh SS Dansby Swanson OF Adam Duvall OF Marcell Ozuna C Gary Sánchez,,,
286,3186667463,Bwhits05,0,66.6,P Huascar Ynoa P Jameson Taillon OF Byron Buxton 2B Jazz Chisholm Jr. SS Francisco Lindor 3B Eduardo Escobar 1B Ji-Man Choi OF Marcell Ozuna OF Manuel Margot C Tres Barrera,,,
286,3186785353,kmelfe,0,66.6,P Alex Wood P Dylan Bundy OF Shohei Ohtani 2B Ozzie Albies 3B Austin Riley 1B Jared Walsh SS Dansby Swanson OF Adam Duvall OF Marcell Ozuna C Gary Sánchez,,,
292,3186719744,mgateris22,0,66.55,P Alek Manoah P Nick Martinez OF Giancarlo Stanton OF Teoscar Hernández SS Francisco Lindor 3B Anthony Rendon 1B Jesús Aguilar OF Jorge Soler 2B Joey Wendle C Manny Piña,,,
293,3186730387,Keithcb2000,0,66.45,P Alex Wood P Luis Patiño 1B Vladimir Guerrero Jr. OF Kyle Schwarber OF George Springer OF Teoscar Hernández SS Didi Gregorius 2B David Fletcher C Manny Piña 3B Taylor Walls,,,
293,3186869765,Giant_Johnny,0,66.45,P Ranger Suárez P Nick Martinez SS Wander Franco OF Kyle Schwarber 2B Ozzie Albies 3B Austin Riley 1B Jared Walsh C J.T. Realmuto OF Max Kepler OF Julio Rodríguez,,,
295,3186321715,Ilkinsan2,0,66.4,P Alek Manoah P Luis Patiño 2B Brandon Lowe SS Wander Franco OF Teoscar Hernández 1B Ji-Man Choi 3B Matt Chapman C Alejandro Kirk OF Josh Lowe OF Brett Phillips,,,
295,3186766177,austinyergin1,0,66.4,P Huascar Ynoa P Dylan Bundy OF Byron Buxton 1B Matt Olson SS Carlos Correa 2B Ozzie Albies 3B Austin Riley OF Marcell Ozuna C Francisco Mejía OF Josh Lowe,,,
297,3186570589,beaubreland,0,65.95,P Luis Patiño P Nick Martinez 1B Shohei Ohtani OF Byron Buxton SS Carlos Correa 2B Ozzie Albies 3B Austin Riley OF Adam Duvall C Gary Sánchez OF Josh Lowe,,,
297,3186871395,sadskinsfandk,0,65.95,P Luis Patiño P Dylan Bundy OF Shohei Ohtani OF Juan Soto 2B Ozzie Albies 3B Austin Riley 1B Jared Walsh OF Marcell Ozuna C Max Stassi SS Orlando Arcia,,,
299,3186746848,BigDAWG-77,0,65.85,P Alek Manoah P Huascar Ynoa 2B Brandon Lowe SS Wander Franco 3B Austin Riley OF Teoscar Hernández C Francisco Mejía OF Josh Lowe OF Brett Phillips 1B Billy McKinney,,,
300,3186867554,convict515,0,65.75,P Elieser Hernandez P Dylan Bundy OF Bryce Harper 1B Vladimir Guerrero Jr. SS Wander Franco 2B Ozzie Albies 3B Austin Riley C Keibert Ruiz OF Joc Pederson OF Josh Lowe,,,
301,3186871867,mhesters,0,65.7,P Ranger Suárez P Michael Lorenzen 1B Brandon Belt OF Kyle Schwarber SS Brandon Crawford 3B Austin Riley OF Mike Yastrzemski OF Marcell Ozuna C Alejandro Kirk 2B Thairo Estrada,,,
302,3186214185,totoroll33,0,65.45,P Ranger Suárez P Dylan Bundy OF Shohei Ohtani 1B Matt Olson SS Wander Franco 2B Ozzie Albies 3B Austin Riley OF Marcell Ozuna C Gary Sánchez OF Jose Rojas,,,
303,3186457722,dave416,0,65.4,P Huascar Ynoa P Nick Martinez 1B Shohei Ohtani OF Nick Castellanos 3B Austin Riley C J.T. Realmuto SS Dansby Swanson OF Adam Duvall OF Marcell Ozuna 2B Tyler Wade,,,
304,3186830854,MY-BAD-BRO,0,65.25,P Ranger Suárez P Paul Blackburn 1B Vladimir Guerrero Jr. SS Bo Bichette OF Kyle Schwarber 3B Austin Riley C J.T. Realmuto OF Marcell Ozuna 2B Tony Kemp OF Billy McKinney,,,
305,3186449686,PickettsPicks,0,65.1,P Nick Martinez P Dylan Bundy 1B Vladimir Guerrero Jr. OF Shohei Ohtani SS Bo Bichette 2B Ozzie Albies OF Adam Duvall 3B Matt Chapman OF Marcell Ozuna C Zack Collins,,,
306,3186447168,Sprayy99,0,64.85,P Alek Manoah P Huascar Ynoa 2B Brandon Lowe SS Wander Franco 3B Yandy Díaz OF Jorge Soler 1B Ji-Man Choi C Alejandro Kirk OF Josh Lowe OF Julio Rodríguez,,,
307,3186866131,e4e5nf3nc6,0,64.8,P Chris Flexen P Paul Blackburn 1B Shohei Ohtani SS Wander Franco 2B Jazz Chisholm Jr. 3B Anthony Rendon OF Jorge Soler OF Marcell Ozuna OF Garrett Cooper C Jacob Stallings,,,
308,3186143085,womp13,0,64.6,P Alex Wood P Dylan Bundy 1B Shohei Ohtani 2B Ozzie Albies 3B Austin Riley SS Dansby Swanson OF Adam Duvall OF Jorge Soler OF Marcell Ozuna C Gary Sánchez,,,
308,3186184538,sotnohc,0,64.6,P Alex Wood P Dylan Bundy 1B Shohei Ohtani 2B Ozzie Albies 3B Austin Riley SS Dansby Swanson OF Adam Duvall OF Jorge Soler OF Marcell Ozuna C Gary Sánchez,,,
308,3186408432,stambizzle,0,64.6,P Alex Wood P Dylan Bundy 1B Shohei Ohtani 2B Ozzie Albies 3B Austin Riley SS Dansby Swanson OF Adam Duvall OF Jorge Soler OF Marcell Ozuna C Gary Sánchez,,,
308,3186824739,choicecakes,0,64.6,P Alex Wood P Nick Martinez OF Aaron Judge SS Bo Bichette OF Giancarlo Stanton 1B Anthony Rizzo OF Joey Gallo 3B Matt Chapman 2B Santiago Espinal C Zack Collins,,,
308,3186853194,BrettW22,0,64.6,P Alex Wood P Nick Martinez 1B Vladimir Guerrero Jr. 2B Brandon Lowe SS Wander Franco OF Teoscar Hernández 3B Abraham Toro OF Lourdes Gurriel Jr. C Alejandro Kirk OF Josh Lowe,,,
308,3186887549,bama36608,0,64.6,P Alex Wood P Dylan Bundy 1B Shohei Ohtani 2B Ozzie Albies 3B Austin Riley SS Dansby Swanson OF Adam Duvall OF Jorge Soler OF Marcell Ozuna C Gary Sánchez,,,
314,3186231290,melliadisj,0,64.4,P Huascar Ynoa P Nick Martinez OF Shohei Ohtani 1B Matt Olson SS Wander Franco 2B Ozzie Albies 3B Austin Riley OF Marcell Ozuna OF Josh Lowe C Manny Piña,,,
314,3186857547,cmoney4141,0,64.4,P Huascar Ynoa P Nick Martinez OF Shohei Ohtani OF Aaron Judge SS Wander Franco 1B Pete Alonso 2B Ozzie Albies 3B Gio Urshela C Gary Sánchez OF Billy McKinney,,,
316,3186876672,xeqtr1,0,64.25,P Huascar Ynoa P Luis Patiño OF Kyle Schwarber SS Carlos Correa 2B Jorge Polanco C J.T. Realmuto 1B Ji-Man Choi 3B Luis Arraez OF Joc Pederson OF Josh Lowe,,,
317,3186857024,mongo326,0,64.2,P Luis Patiño P Michael Lorenzen SS Bo Bichette 1B Matt Olson 2B Ozzie Albies 3B Austin Riley OF Teoscar Hernández OF Adam Duvall OF Marcell Ozuna C Zack Collins,,,
318,3186669004,Talapia69,0,63.95,P Alex Wood P Ranger Suárez 1B Brandon Belt 2B Ozzie Albies 3B Austin Riley OF Mike Yastrzemski OF Marcell Ozuna OF Joc Pederson SS Thairo Estrada C Joey Bart,,,
319,3186740486,jntmless,0,63.4,P Huascar Ynoa P Dylan Bundy OF Juan Soto 1B Matt Olson 2B Ozzie Albies SS Francisco Lindor 3B Anthony Rendon OF Brandon Nimmo OF Marcell Ozuna C Francisco Mejía,,,
320,3186350318,dacoltz,0,63.05,P Huascar Ynoa P Elieser Hernandez SS Bo Bichette OF George Springer 2B Jazz Chisholm Jr. OF Jesús Sánchez OF Jorge Soler 1B Garrett Cooper 3B Brian Anderson C Alejandro Kirk,,,
321,3186735582,thepickler,0,62.949997,P Luis Patiño P Nick Martinez OF Bryce Harper OF Kyle Schwarber 1B Pete Alonso 2B Ozzie Albies SS Francisco Lindor C J.T. Realmuto 3B Alec Bohm OF Matt Vierling,,,
321,3186834360,skins2146,0,62.949997,P Luis Patiño P Dylan Bundy 2B Brandon Lowe 1B Matt Olson SS Wander Franco OF Kyle Schwarber 3B Austin Riley C J.T. Realmuto OF Kevin Kiermaier OF Josh Lowe,,,
323,3186453782,frquis,0,62.75,P Elieser Hernandez P Nick Martinez SS Bo Bichette 2B Ozzie Albies 3B Austin Riley C J.T. Realmuto OF Mitch Haniger 1B Ty France OF Adam Duvall OF Marcell Ozuna,,,
324,3186735092,JMK529,0,62.6,P Alex Wood P Dylan Bundy 1B Matt Olson SS Carlos Correa 2B Ozzie Albies 3B Austin Riley OF Adam Duvall OF Jorge Soler OF Marcell Ozuna C Gary Sánchez,,,
324,3186741591,herdnation1,0,62.6,P Alex Wood P Dylan Bundy 1B Vladimir Guerrero Jr. SS Bo Bichette 2B Ozzie Albies OF Teoscar Hernández OF Adam Duvall 3B Matt Chapman OF Marcell Ozuna C Zack Collins,,,
326,3186365963,Rfoofsb,0,62.4,P Huascar Ynoa P Dylan Bundy OF Byron Buxton SS Carlos Correa 2B Ozzie Albies 3B Austin Riley 1B Jared Walsh OF Adam Duvall OF Marcell Ozuna C Manny Piña,,,
326,3186598776,jlroebel,0,62.4,P Huascar Ynoa P Dylan Bundy OF Bryce Harper 2B Ozzie Albies 3B Austin Riley C J.T. Realmuto SS Dansby Swanson OF Adam Duvall OF Marcell Ozuna 1B Luke Voit,,,
328,3186899955,tigerachi,0,62.25,P Huascar Ynoa P Luis Patiño SS Wander Franco OF George Springer 2B Ozzie Albies 1B Ty France OF Marcell Ozuna OF Max Kepler C Francisco Mejía 3B Gio Urshela,,,
329,3186880921,nate-314,0,61.949997,P Luis Patiño P Nick Martinez 1B Shohei Ohtani OF Mike Trout 2B Ozzie Albies 3B Austin Riley C J.T. Realmuto OF Adam Duvall OF Marcell Ozuna SS Orlando Arcia,,,
330,3186502584,Mghtank,0,61.9,P Alex Wood P Huascar Ynoa OF Bryce Harper OF Byron Buxton OF Jorge Soler 1B Garrett Cooper 2B Luis Arraez 3B Gio Urshela C Gary Sánchez SS Thairo Estrada,,,
330,3186836910,UTHfan,0,61.9,P Alex Wood P Huascar Ynoa 1B Brandon Belt 2B Brandon Lowe OF Kyle Schwarber OF Mitch Haniger C Francisco Mejía SS Ha-Seong Kim 3B Chad Pinder OF Brett Phillips,,,
332,3186701720,k201986,0,61.85,P Alek Manoah P Huascar Ynoa 1B Matt Olson 2B Ozzie Albies 3B Austin Riley OF Adam Duvall OF Marcell Ozuna OF Lourdes Gurriel Jr. SS Thairo Estrada C Cal Raleigh,,,
333,3186293010,chicksdigthewongball,0,61.449997,P Ranger Suárez P Dylan Bundy 1B Shohei Ohtani OF Byron Buxton SS Jazz Chisholm Jr. OF Avisaíl García OF Nelson Cruz 2B Joey Wendle 3B Brian Anderson C Jacob Stallings,,,
334,3186833342,Whiterock,0,61.4,P Huascar Ynoa P Dylan Bundy SS Wander Franco OF Kyle Schwarber 1B Pete Alonso 2B Ozzie Albies 3B Austin Riley OF Adam Duvall OF Marcell Ozuna C Gary Sánchez,,,
334,3186872379,Royz17,0,61.4,P Huascar Ynoa P Nick Martinez OF Bryce Harper SS Wander Franco 2B Ozzie Albies 3B Austin Riley OF Adam Duvall 1B Ji-Man Choi OF Marcell Ozuna C Cal Raleigh,,,
336,3186454362,rynpak,0,60.949997,P Luis Patiño P Nick Martinez OF Byron Buxton 1B Matt Olson 2B Ozzie Albies 3B Austin Riley SS Dansby Swanson OF Marcell Ozuna OF Max Kepler C Gary Sánchez,,,
336,3186759317,ty317,0,60.949997,P Luis Patiño P Nick Martinez OF Shohei Ohtani 2B Ozzie Albies 3B Austin Riley 1B Jared Walsh SS Dansby Swanson OF Adam Duvall OF Marcell Ozuna C Max Stassi,,,
338,3186355207,NipsDragTheFloor,0,60.55,P Taijuan Walker P Dylan Bundy 1B Vladimir Guerrero Jr. OF Shohei Ohtani OF Kyle Schwarber OF Giancarlo Stanton 3B Anthony Rendon 2B Tony Kemp SS Ha-Seong Kim C Gary Sánchez,,,
339,3186594574,Raxson,0,60.45,P Alek Manoah P Chris Flexen OF Shohei Ohtani OF Mitch Haniger 2B Adam Frazier 3B Abraham Toro SS J.P. Crawford 1B Luke Voit C Manny Piña OF Julio Rodríguez,,,
340,3186897878,pio417,0,60.25,P Huascar Ynoa P Luis Patiño OF Byron Buxton 2B Brandon Lowe SS Wander Franco OF Adam Duvall 1B Ji-Man Choi 3B Gio Urshela C Gary Sánchez OF Josh Lowe,,,
341,3186328065,ber1124,0,60,P Chris Flexen P Dylan Bundy OF Bryce Harper 1B Vladimir Guerrero Jr. OF Shohei Ohtani OF Mark Canha SS Didi Gregorius 3B J.D. Davis C Gary Sánchez 2B Marwin Gonzalez,,,
342,3186680785,Deiner10,0,59.95,P Alex Wood P Ranger Suárez 1B Brandon Belt 2B Brandon Lowe SS Brandon Crawford OF Mike Yastrzemski OF Joc Pederson 3B Gio Urshela OF Josh Lowe C Joey Bart,,,
343,3186686818,JiggyJus,0,59.85,P Alek Manoah P Huascar Ynoa 2B Brandon Lowe OF Starling Marte 1B Pete Alonso SS Francisco Lindor OF Mark Canha 3B J.D. Davis C Cal Raleigh OF Julio Rodríguez,,,
344,3186665175,queenofhearts8,0,59.6,P Luis Patiño P Elieser Hernandez 1B Vladimir Guerrero Jr. SS Bo Bichette 2B Brandon Lowe OF George Springer OF Teoscar Hernández C Francisco Mejía 3B Taylor Walls OF Jurickson Profar,,,
345,3186440642,mt33428,0,59.4,P Huascar Ynoa P Dylan Bundy 2B Brandon Lowe SS Wander Franco OF Kyle Schwarber 1B Jared Walsh C J.T. Realmuto 3B Anthony Rendon OF Kevin Kiermaier OF Josh Lowe,,,
346,3186757833,zimballz,0,59.25,P Alex Wood P Elieser Hernandez 2B Brandon Lowe SS Jazz Chisholm Jr. 3B Austin Riley OF Jesús Sánchez OF Jorge Soler 1B Garrett Cooper C Francisco Mejía OF Josh Lowe,,,
347,3186792074,salvador_ledezma,0,59.199997,P Luis Patiño P Michael Lorenzen OF Bryce Harper 1B Shohei Ohtani 2B Ozzie Albies SS Dansby Swanson OF Adam Duvall 3B Abraham Toro OF Marcell Ozuna C Cal Raleigh,,,
348,3186502600,Jedi_Pred,0,58.949997,P Luis Patiño P Dylan Bundy 1B Matt Olson SS Wander Franco OF Kyle Schwarber 2B Ozzie Albies 3B Austin Riley OF Adam Duvall C Kyle Higashioka OF Aaron Hicks,,,
349,3186544912,Jrk410,0,58.8,P Alex Wood P Jameson Taillon 2B Brandon Lowe 3B Austin Riley SS Dansby Swanson OF Adam Duvall 1B Ji-Man Choi OF Marcell Ozuna C Francisco Mejía OF Josh Lowe,,,
350,3186738906,duckbutterbabineaux,0,58.25,P Huascar Ynoa P Luis Patiño 1B Matt Olson SS Wander Franco 3B Austin Riley 2B Jake Cronenworth OF Trent Grisham OF Marcell Ozuna C Austin Nola OF Josh Lowe,,,
351,3186421719,mrgoodseats,0,57.95,P Alex Wood P Ranger Suárez SS Jazz Chisholm Jr. 2B Ozzie Albies OF Jesús Sánchez OF Jorge Soler OF Marcell Ozuna 1B Garrett Cooper 3B Brian Anderson C Gary Sánchez,,,
352,3186566966,MidgetCoach,0,57.9,P Alex Wood P Huascar Ynoa SS Wander Franco 2B Ozzie Albies 3B Austin Riley OF Adam Duvall 1B Ji-Man Choi OF Marcell Ozuna OF Josh Lowe C Manny Piña,,,
352,3186627961,TANK1013,0,57.9,P Alex Wood P Huascar Ynoa SS Wander Franco 2B Ozzie Albies 3B Austin Riley OF Adam Duvall 1B Ji-Man Choi OF Marcell Ozuna OF Josh Lowe C Manny Piña,,,
352,3186861349,fantasyisreal23,0,57.9,P Alex Wood P Huascar Ynoa OF Shohei Ohtani 1B Jared Walsh OF Jesús Sánchez OF Jorge Soler 2B Joey Wendle 3B Brian Anderson SS David Fletcher C Jacob Stallings,,,
355,3186229306,ajmills100,0,57.4,P Huascar Ynoa P Nick Martinez OF Byron Buxton 1B Pete Alonso 2B Ozzie Albies 3B Austin Riley SS Dansby Swanson OF Marcell Ozuna C Travis d'Arnaud OF Alex Kirilloff,,,
355,3186473317,wubshackle,0,57.4,P Huascar Ynoa P Dylan Bundy OF Bryce Harper OF Nick Castellanos OF Kyle Schwarber SS Dansby Swanson 3B Eduardo Escobar 1B Miguel Sanó 2B Luis Arraez C Gary Sánchez,,,
355,3186750415,FantasyGainz,0,57.4,P Alek Manoah P Luis Patiño 1B Shohei Ohtani 2B Ozzie Albies 3B Anthony Rendon OF Adam Duvall OF Marcell Ozuna OF Jose Rojas C Manny Piña SS Orlando Arcia,,,
358,3186777506,whodatwedat21,0,57.3,P Ranger Suárez P Luis Patiño OF Bryce Harper 1B Brandon Belt OF Kyle Schwarber SS Brandon Crawford OF Mike Yastrzemski C Joey Bart 3B Taylor Walls 2B Santiago Espinal,,,
359,3186599446,faceit540,0,57.25,P Huascar Ynoa P Luis Patiño 1B Brandon Belt 2B Brandon Lowe SS Wander Franco OF Teoscar Hernández 3B Matt Chapman C Francisco Mejía OF Joc Pederson OF Julio Rodríguez,,,
359,3186797030,BoneHardGorilla,0,57.25,P Huascar Ynoa P Luis Patiño 1B Vladimir Guerrero Jr. 2B Brandon Lowe SS Wander Franco OF Kyle Schwarber C Francisco Mejía OF Brandon Marsh OF Josh Lowe 3B Taylor Walls,,,
361,3186706872,berzaj23,0,56.949997,P Luis Patiño P Dylan Bundy OF Shohei Ohtani OF Byron Buxton OF Aaron Judge 1B Jared Walsh 3B DJ LeMahieu SS Gleyber Torres 2B Marwin Gonzalez C Manny Piña,,,
361,3186881980,Bradydiggler,0,56.949997,P Luis Patiño P Dylan Bundy OF Bryce Harper OF Nick Castellanos OF Giancarlo Stanton 1B Anthony Rizzo 2B Jean Segura SS Didi Gregorius 3B Alec Bohm C Gary Sánchez,,,
363,3186590751,fscspirit13,0,56.9,P Alex Wood P Huascar Ynoa 2B Ozzie Albies 3B Austin Riley OF Teoscar Hernández OF Mitch Haniger 1B Ty France OF Lourdes Gurriel Jr. C Gary Sánchez SS Santiago Espinal,,,
364,3186263815,tonysays,0,56.65,P Huascar Ynoa P Michael Lorenzen OF Kyle Schwarber SS Carlos Correa OF Jesse Winker 2B Jorge Polanco OF Mitch Haniger 1B Miguel Sanó 3B Gio Urshela C Manny Piña,,,
365,3186639504,TRMP31,0,56.6,P Alex Wood P Dylan Bundy OF Bryce Harper 1B Matt Olson SS Carlos Correa 2B Ozzie Albies OF Garrett Cooper 3B Gio Urshela C Jacob Stallings OF Darin Ruf,,,
366,3186532307,jon70,0,56.4,P Huascar Ynoa P Dylan Bundy OF Bryce Harper OF Kyle Schwarber 1B Rhys Hoskins 2B Jean Segura OF Mike Yastrzemski SS Didi Gregorius C Francisco Mejía 3B Gio Urshela,,,
367,3186762864,cwilsn,0,55.65,P Ranger Suárez P Jameson Taillon 1B Matt Olson SS Wander Franco 2B Ozzie Albies 3B Austin Riley OF Marcell Ozuna OF Lourdes Gurriel Jr. OF Josh Lowe C Manny Piña,,,
368,3186469074,officialcraigy,0,55.45,P Alex Wood P Luis Patiño 2B Brandon Lowe SS Wander Franco 3B Yandy Díaz OF Adam Duvall 1B Ji-Man Choi OF Marcell Ozuna OF Josh Lowe C Manny Piña,,,
369,3186775564,E1OCHOA,0,54.9,P Alex Wood P Huascar Ynoa 2B Brandon Lowe SS Wander Franco OF Adam Duvall OF Max Kepler 3B Luis Arraez 1B Alex Kirilloff C Francisco Mejía OF Kevin Kiermaier,,,
370,3186415931,kmoff77,0,54.699997,P Ranger Suárez P Michael Lorenzen 1B Matt Olson OF Jesse Winker 2B Ozzie Albies SS Dansby Swanson OF Adam Duvall 3B Abraham Toro OF Marcell Ozuna C Cal Raleigh,,,
371,3186532574,Billydakid2013,0,54.45,P Alex Wood P Luis Patiño OF Kyle Schwarber 2B Ozzie Albies 3B Austin Riley OF Teoscar Hernández 1B Ji-Man Choi SS Didi Gregorius OF Josh Lowe C Manny Piña,,,
372,3186324111,Bigggmarkkk,0,54.4,P Alek Manoah P Luis Patiño 1B Vladimir Guerrero Jr. SS Bo Bichette 2B Brandon Lowe OF Teoscar Hernández OF Lourdes Gurriel Jr. 3B Taylor Walls C Zack Collins OF Julio Rodríguez,,,
373,3186686965,tdub17,0,54.25,P Huascar Ynoa P Luis Patiño SS Wander Franco 3B Manny Machado 2B Ozzie Albies OF Adam Duvall OF Mike Yastrzemski 1B Luke Voit C Francisco Mejía OF Joc Pederson,,,
374,3186718373,KINGSFAN67,0,54.199997,P Luis Patiño P Michael Lorenzen OF Shohei Ohtani 2B Ozzie Albies 3B Austin Riley 1B Jared Walsh OF Mitch Haniger SS Dansby Swanson OF Marcell Ozuna C Manny Piña,,,
375,3186558574,bman77,0,54,P Chris Flexen P Nick Martinez OF Juan Soto SS Bo Bichette 1B Anthony Rizzo OF Jesse Winker 2B Ozzie Albies C Keibert Ruiz OF Josh Lowe 3B Taylor Walls,,,
376,3186550491,Rizzo100,0,53.9,P Alex Wood P Huascar Ynoa 1B Matt Olson 2B Ozzie Albies 3B Austin Riley OF Adam Duvall OF Marcell Ozuna SS Didi Gregorius C Gary Sánchez OF Josh Lowe,,,
377,3186507888,ehafner,0,53.6,P Huascar Ynoa P Jameson Taillon 1B Matt Olson SS Wander Franco 2B Ozzie Albies 3B Austin Riley OF Adam Duvall C Francisco Mejía OF Josh Lowe OF Brett Phillips,,,
378,3186397512,hvachack96,0,53.45,P Alex Wood P Luis Patiño 1B Shohei Ohtani OF Nick Castellanos 2B Ozzie Albies 3B Austin Riley OF Marcell Ozuna OF Darin Ruf C Gary Sánchez SS Tyler Wade,,,
378,3186801505,bmosley21,0,53.45,P Alex Wood P Luis Patiño 1B Shohei Ohtani 2B Ozzie Albies 3B Austin Riley SS Dansby Swanson OF Adam Duvall OF Marcell Ozuna OF Josh Lowe C Joey Bart,,,
378,3186896199,justwinbaby21,0,53.449997,P Ranger Suárez P Dylan Bundy OF Bryce Harper OF Juan Soto 1B Matt Olson 2B Ozzie Albies 3B Anthony Rendon OF Marcell Ozuna C Manny Piña SS Thairo Estrada,,,
381,3186697182,Cullenrob09,0,53.199997,P Luis Patiño P Michael Lorenzen OF Bryce Harper OF Aaron Judge 1B Pete Alonso 2B Ozzie Albies SS Francisco Lindor 3B Gio Urshela OF Darin Ruf C Manny Piña,,,
382,3186558589,TheVault,0,52.949997,P Luis Patiño P Dylan Bundy OF Shohei Ohtani OF Juan Soto 2B Ozzie Albies 3B Austin Riley 1B Jared Walsh SS Dansby Swanson OF Marcell Ozuna C Manny Piña,,,
383,3186433873,kfalik,0,52.9,P Alex Wood P Huascar Ynoa 1B Brandon Belt 2B Brandon Lowe SS Brandon Crawford OF Mike Yastrzemski C Francisco Mejía OF Joc Pederson OF Josh Lowe 3B Taylor Walls,,,
383,3186492034,RoscoeJimmy55,0,52.9,P Alex Wood P Huascar Ynoa OF Kyle Schwarber OF Giancarlo Stanton 1B Eduardo Escobar SS J.P. Crawford 2B Luis Arraez OF Alex Kirilloff C Francisco Mejía 3B Gio Urshela,,,
385,3186388775,dannydonahue7777,0,52.45,P Alex Wood P Luis Patiño 1B Shohei Ohtani 2B Ozzie Albies 3B Austin Riley SS Dansby Swanson OF Adam Duvall OF Marcell Ozuna C Gary Sánchez OF Julio Rodríguez,,,
385,3186748130,Steiny99,0,52.449997,P Ranger Suárez P Dylan Bundy 1B Matt Olson SS Wander Franco OF Kyle Schwarber 3B Austin Riley 2B Jean Segura OF Adam Duvall C Francisco Mejía OF Kevin Kiermaier,,,
387,3186749489,clark40171,0,51.949997,P Luis Patiño P Nick Martinez OF Bryce Harper 1B Shohei Ohtani OF Juan Soto 2B Ozzie Albies 3B Eugenio Suárez OF Jorge Soler C Gary Sánchez SS Orlando Arcia,,,
388,3186689522,Green_Ranger_91,0,51.9,P Alex Wood P Huascar Ynoa OF Nick Castellanos 2B Ozzie Albies 3B Austin Riley SS Dansby Swanson OF Adam Duvall OF Joc Pederson C James McCann 1B Billy McKinney,,,
389,3186495736,briang1993,0,51.75,P Ranger Suárez P Huascar Ynoa OF Byron Buxton 2B Ozzie Albies 3B Austin Riley SS Dansby Swanson 1B Ji-Man Choi OF Marcell Ozuna C Gary Sánchez OF Julio Rodríguez,,,
390,3186881007,jmays1202,0,51.65,P Chris Flexen P Elieser Hernandez SS Brandon Crawford 2B Ozzie Albies 3B Austin Riley OF Adam Duvall 1B Ji-Man Choi OF Mike Yastrzemski OF Marcell Ozuna C Cal Raleigh,,,
391,3186854610,Tannuhr,0,51.4,P Taijuan Walker P Luis Patiño 1B Brandon Belt 2B Brandon Lowe SS Brandon Crawford 3B Yandy Díaz OF Mike Yastrzemski C Francisco Mejía OF Joc Pederson OF Darin Ruf,,,
392,3186686922,cubbies444916,0,51.25,P Huascar Ynoa P Luis Patiño SS Wander Franco OF Jesse Winker C J.T. Realmuto OF Mitch Haniger 1B Ty France 2B Abraham Toro 3B Luis Arraez OF Julio Rodríguez,,,
393,3186384186,Evorscan3,0,51.05,P Huascar Ynoa P Elieser Hernandez OF Bryce Harper OF Kyle Schwarber C J.T. Realmuto 2B Jean Segura 3B Anthony Rendon OF Marcell Ozuna SS Ha-Seong Kim 1B Billy McKinney,,,
393,3186500806,nckop9995,0,51.05,P Huascar Ynoa P Elieser Hernandez SS Wander Franco 1B Pete Alonso 2B Ozzie Albies 3B Austin Riley OF Adam Duvall OF Marcell Ozuna C Francisco Mejía OF Josh Lowe,,,
395,3186416806,jtcooky,0,50.9,P Alex Wood P Huascar Ynoa SS Bo Bichette OF George Springer OF Mitch Haniger 1B Ty France 3B Eugenio Suárez 2B Abraham Toro C Zack Collins OF Julio Rodríguez,,,
396,3186378589,nbalive99,0,50.45,P Alex Wood P Luis Patiño 1B Shohei Ohtani 2B Ozzie Albies 3B Austin Riley OF Adam Duvall OF Jorge Soler OF Marcell Ozuna C Gary Sánchez SS Thairo Estrada,,,
396,3186582623,raidersboy14,0,50.45,P Alex Wood P Luis Patiño 1B Shohei Ohtani 2B Ozzie Albies 3B Austin Riley OF Adam Duvall OF Jorge Soler OF Marcell Ozuna C Gary Sánchez SS Thairo Estrada,,,
396,3186800874,anthonyflorant,0,50.45,P Alex Wood P Luis Patiño 1B Shohei Ohtani 2B Ozzie Albies 3B Austin Riley OF Adam Duvall OF Jorge Soler OF Marcell Ozuna C Gary Sánchez SS Thairo Estrada,,,
396,3186802687,theycallmeverbz,0,50.45,P Alex Wood P Luis Patiño 1B Shohei Ohtani 2B Ozzie Albies 3B Austin Riley OF Adam Duvall OF Jorge Soler OF Marcell Ozuna C Gary Sánchez SS Thairo Estrada,,,
396,3186863875,bfoss04,0,50.45,P Alex Wood P Luis Patiño 1B Shohei Ohtani 2B Ozzie Albies 3B Austin Riley OF Adam Duvall OF Jorge Soler OF Marcell Ozuna C Gary Sánchez SS Thairo Estrada,,,
401,3186586955,Dotrat2,0,50.4,P Huascar Ynoa P Nick Martinez OF Shohei Ohtani SS Carlos Correa 2B Ozzie Albies 3B Austin Riley 1B Jared Walsh OF Adam Duvall OF Marcell Ozuna C Cal Raleigh,,,
402,3186794662,dlefchak,0,50.25,P Huascar Ynoa P Luis Patiño OF Byron Buxton SS Carlos Correa 2B Jorge Polanco 3B Yandy Díaz 1B Ji-Man Choi C Francisco Mejía OF Kevin Kiermaier OF Josh Lowe,,,
403,3186899291,a_drain11,0,49.95,P Alex Wood P Ranger Suárez OF Shohei Ohtani OF Kyle Schwarber 2B Ozzie Albies 1B Jared Walsh 3B Eugenio Suárez SS Tyler Wade C Cal Raleigh OF Julio Rodríguez,,,
403,3186578152,dtfbobsaget,0,49.949997,P Luis Patiño P Dylan Bundy OF Juan Soto 2B Jazz Chisholm Jr. OF Jesse Winker 3B Austin Riley SS Dansby Swanson 1B Eduardo Escobar OF Marcell Ozuna C Keibert Ruiz,,,
405,3186842766,paddyboy24,0,49.9,P Alex Wood P Huascar Ynoa OF Shohei Ohtani 2B Ozzie Albies 3B Austin Riley 1B Jared Walsh OF Marcell Ozuna C Alejandro Kirk SS Tyler Wade OF Julio Rodríguez,,,
406,3186391032,riddlememike,0,49.449997,P Ranger Suárez P Dylan Bundy OF Aaron Judge OF Giancarlo Stanton 1B Anthony Rizzo 3B Manny Machado 2B Ozzie Albies OF Joey Gallo C Gary Sánchez SS Orlando Arcia,,,
407,3186854298,draftamattixrex,0,49.3,P Chris Flexen P Huascar Ynoa OF Shohei Ohtani SS Carlos Correa 3B Yandy Díaz OF Marcell Ozuna OF Lourdes Gurriel Jr. 2B Luis Arraez C Gary Sánchez 1B Billy McKinney,,,
408,3186508643,nickvogel8,0,48.95,P Alex Wood P Ranger Suárez 1B Shohei Ohtani OF Jesse Winker 2B Ozzie Albies 3B Abraham Toro SS J.P. Crawford OF Marcell Ozuna C Cal Raleigh OF Julio Rodríguez,,,
409,3186352538,wealwaysready,0,48.9,P Alex Wood P Huascar Ynoa 2B Brandon Lowe SS Wander Franco OF Jorge Soler 1B Ji-Man Choi 3B Joey Wendle OF Garrett Cooper C Francisco Mejía OF Josh Lowe,,,
409,3186849063,Boxjump,0,48.9,P Alex Wood P Huascar Ynoa 1B Matt Olson OF Giancarlo Stanton 2B Ozzie Albies 3B Austin Riley OF Eddie Rosario OF Chad Pinder SS Orlando Arcia C Zack Collins,,,
411,3186727119,brendenullrich,0,48.3,P Ranger Suárez P Luis Patiño OF Shohei Ohtani SS Wander Franco OF Mitch Haniger 3B Anthony Rendon 1B Ji-Man Choi C Max Stassi OF Josh Lowe 2B Tyler Wade,,,
412,3186162354,Awesemo,0,48.15,P Jameson Taillon P Luis Patiño OF Bryce Harper 2B Brandon Lowe 3B Manny Machado OF Starling Marte 1B Ji-Man Choi C Francisco Mejía OF Kevin Kiermaier SS Taylor Walls,,,
412,3186899953,Grandtuga,0,48.15,P Jameson Taillon P Luis Patiño 1B Matt Olson OF Giancarlo Stanton OF Mitch Haniger SS Dansby Swanson 2B Gleyber Torres 3B Eduardo Escobar C Max Stassi OF Josh Lowe,,,
414,3186425079,jsizzle727,0,48.05,P Huascar Ynoa P Elieser Hernandez OF Starling Marte 2B Ozzie Albies 3B Austin Riley SS Francisco Lindor OF Adam Duvall 1B Eduardo Escobar OF Marcell Ozuna C Manny Piña,,,
415,3186705815,PtrZee,0,47.949997,P Luis Patiño P Nick Martinez OF Bryce Harper OF Kyle Schwarber 1B Pete Alonso SS Francisco Lindor OF Adam Duvall 3B Eduardo Escobar 2B Adam Frazier C Keibert Ruiz,,,
416,3186748052,thegoodsurgeon,0,47.75,P Ranger Suárez P Huascar Ynoa OF Kyle Schwarber OF Jesse Winker 1B Ty France 2B Jean Segura C Max Stassi SS Didi Gregorius 3B Alec Bohm OF Julio Rodríguez,,,
417,3186710060,reggiesmydog,0,47.4,P Huascar Ynoa P Nick Martinez SS Wander Franco 2B Jazz Chisholm Jr. OF Jesse Winker 3B Manny Machado 1B Jared Walsh OF Mitch Haniger C Francisco Mejía OF Jose Rojas,,,
418,3186820068,Bravesneverlose,0,47.1,P Ranger Suárez P Elieser Hernandez SS Bo Bichette OF Jesse Winker 2B Ozzie Albies 3B Austin Riley C J.T. Realmuto OF Marcell Ozuna OF Josh Lowe 1B Billy McKinney,,,
419,3186673188,mrclean913,0,46.65,P Chris Flexen P Elieser Hernandez 2B Brandon Lowe OF Starling Marte 1B Pete Alonso OF Adam Duvall OF Brandon Nimmo 3B Matt Chapman C James McCann SS Luis Guillorme,,,
420,3186853474,tfamularo,0,46.45,P Alex Wood P Luis Patiño OF Kyle Schwarber 2B DJ LeMahieu 3B Anthony Rendon OF Adam Duvall SS J.P. Crawford OF Marcell Ozuna 1B Alec Bohm C Gary Sánchez,,,
421,3186759151,RallyCap306,0,46.4,P Huascar Ynoa P Dylan Bundy 1B Vladimir Guerrero Jr. SS Bo Bichette 2B Ozzie Albies 3B Austin Riley OF Teoscar Hernández OF Marcell Ozuna OF Lourdes Gurriel Jr. C Manny Piña,,,
422,3186868441,NFLScoutTampa,0,45.949997,P Luis Patiño P Nick Martinez OF Aaron Judge OF Starling Marte 1B Pete Alonso SS Francisco Lindor OF Joey Gallo 3B Eugenio Suárez 2B Gleyber Torres C Kyle Higashioka,,,
423,3186301173,PresidentLeach,0,45.9,P Alex Wood P Huascar Ynoa 1B Matt Olson OF Jesse Winker 2B Ozzie Albies 3B Abraham Toro SS J.P. Crawford OF Marcell Ozuna C Cal Raleigh OF Julio Rodríguez,,,
424,3186269488,vegasgolffanatic,0,45.449997,P Ranger Suárez P Nick Martinez OF Byron Buxton SS Carlos Correa OF Jesse Winker OF Mitch Haniger 1B Ty France 2B Adam Frazier 3B Gio Urshela C Cal Raleigh,,,
425,3186194455,Hug_A_Tree,0,45.4,P Huascar Ynoa P Dylan Bundy 1B Vladimir Guerrero Jr. SS Bo Bichette 2B Ozzie Albies 3B Austin Riley OF Teoscar Hernández OF Lourdes Gurriel Jr. OF Joc Pederson C Alejandro Kirk,,,
426,3186899564,donkeynutz,0,45.199997,P Luis Patiño P Michael Lorenzen 1B Vladimir Guerrero Jr. SS Bo Bichette 2B Ozzie Albies 3B Austin Riley OF Marcell Ozuna OF Max Kepler OF Lourdes Gurriel Jr. C Alejandro Kirk,,,
427,3186643062,dkbhakta24,0,44.95,P Alex Wood P Ranger Suárez OF Shohei Ohtani OF Kyle Schwarber 2B Ozzie Albies 1B Jared Walsh 3B Anthony Rendon SS Taylor Walls C Cal Raleigh OF Julio Rodríguez,,,
427,3186866553,momentous10,0,44.949997,P Luis Patiño P Nick Martinez 1B Shohei Ohtani SS Carlos Correa 2B Ozzie Albies 3B Austin Riley OF Eddie Rosario OF Adam Duvall OF Jorge Soler C Gary Sánchez,,,
429,3186425816,csmasel,0,44.9,P Alex Wood P Huascar Ynoa 1B Brandon Belt 3B Austin Riley 2B Jean Segura OF Adam Duvall OF Mike Yastrzemski OF Marcell Ozuna C Jacob Stallings SS Orlando Arcia,,,
430,3186633295,Rjburba,0,44.45,P Alex Wood P Luis Patiño SS Carlos Correa 2B Ozzie Albies OF Adam Duvall 1B Miguel Sanó OF Marcell Ozuna OF Max Kepler 3B Gio Urshela C Gary Sánchez,,,
431,3186831069,alwayswin23,0,43.9,P Alex Wood P Huascar Ynoa 1B Matt Olson OF Jesse Winker OF Mitch Haniger OF Jorge Soler SS Didi Gregorius 2B Tony Kemp 3B Gio Urshela C Manny Piña,,,
432,3186725628,Kingderm123,0,43.45,P Alex Wood P Luis Patiño OF Shohei Ohtani 2B Ozzie Albies 3B Austin Riley SS Dansby Swanson OF Mike Yastrzemski OF Marcell Ozuna 1B Darin Ruf C Manny Piña,,,
433,3186320640,kid_jewish,0,43.4,P Huascar Ynoa P Nick Martinez OF Bryce Harper 1B Matt Olson SS Jazz Chisholm Jr. 2B Ozzie Albies 3B Austin Riley OF Adam Duvall C Gary Sánchez OF Billy McKinney,,,
434,3186541425,HughZuck,0,43.2,P Taijuan Walker P Elieser Hernandez OF Aaron Judge OF Giancarlo Stanton 2B Jazz Chisholm Jr. 1B Anthony Rizzo SS Gleyber Torres 3B Joey Wendle C Kyle Higashioka OF Julio Rodríguez,,,
435,3186631112,Hoonsclppp,0,42.9,P Alex Wood P Huascar Ynoa 1B Vladimir Guerrero Jr. 2B Ozzie Albies 3B Austin Riley OF Adam Duvall OF Marcell Ozuna C Gary Sánchez OF Josh Lowe SS Thairo Estrada,,,
435,3186779384,TxBronck8619,0,42.9,P Alex Wood P Huascar Ynoa 1B Vladimir Guerrero Jr. OF Kyle Schwarber 3B Austin Riley OF Joey Gallo SS Didi Gregorius C Alejandro Kirk OF Jurickson Profar 2B Tyler Wade,,,
437,3186820526,STIXWIZ,0,42.4,P Huascar Ynoa P Nick Martinez 1B Vladimir Guerrero Jr. OF Kyle Schwarber SS Jazz Chisholm Jr. 3B Austin Riley OF Teoscar Hernández OF Marcell Ozuna C Francisco Mejía 2B Orlando Arcia,,,
438,3186153327,mhony19,0,42.25,P Huascar Ynoa P Luis Patiño 2B Brandon Lowe SS Wander Franco 3B Austin Riley OF Adam Duvall 1B Ji-Man Choi OF Marcell Ozuna C Francisco Mejía OF Josh Lowe,,,
438,3186515327,apandroid,0,42.25,P Huascar Ynoa P Luis Patiño 1B Vladimir Guerrero Jr. 2B Brandon Lowe SS Wander Franco 3B Anthony Rendon OF Marcell Ozuna OF Joc Pederson OF Josh Lowe C Joey Bart,,,
440,3186469273,wioux,0,41.75,P Ranger Suárez P Huascar Ynoa 2B Brandon Lowe SS Wander Franco OF Adam Duvall 1B Ji-Man Choi 3B Matt Chapman OF Marcell Ozuna C Gary Sánchez OF Josh Lowe,,,
441,3186402789,Sam-I-Am,0,40.95,P Alex Wood P Ranger Suárez OF Shohei Ohtani 3B Austin Riley OF Mitch Haniger 2B Adam Frazier OF Marcell Ozuna C Francisco Mejía 1B Darin Ruf SS Thairo Estrada,,,
441,3186627651,donnybasbl,0,40.949997,P Luis Patiño P Dylan Bundy OF Aaron Judge OF Giancarlo Stanton 1B Anthony Rizzo 2B Ozzie Albies 3B DJ LeMahieu SS Dansby Swanson OF Marcell Ozuna C Gary Sánchez,,,
443,3186743858,Patsfan842,0,39.3,P Chris Flexen P Huascar Ynoa 1B Vladimir Guerrero Jr. SS Wander Franco OF Teoscar Hernández 2B Abraham Toro OF Lourdes Gurriel Jr. C Francisco Mejía OF Brett Phillips 3B Taylor Walls,,,
443,3186820600,cw333,0,39.3,P Chris Flexen P Huascar Ynoa 1B Vladimir Guerrero Jr. SS Wander Franco OF Teoscar Hernández 2B Abraham Toro OF Lourdes Gurriel Jr. C Francisco Mejía OF Brett Phillips 3B Taylor Walls,,,
445,3186561735,aquentins,0,38.9,P Alex Wood P Huascar Ynoa 2B Brandon Lowe 3B Austin Riley SS Dansby Swanson OF Adam Duvall 1B Ji-Man Choi OF Marcell Ozuna OF Josh Lowe C Manny Piña,,,
446,3186888478,dlumb1,0,38.85,P Alek Manoah P Huascar Ynoa OF Jesse Winker 3B Austin Riley 1B Ty France OF Eddie Rosario SS Dansby Swanson 2B Adam Frazier C Cal Raleigh OF Julio Rodríguez,,,
447,3186718074,bcc201,0,38.45,P Alex Wood P Luis Patiño OF Nick Castellanos OF Kyle Schwarber 1B Jared Walsh 3B Anthony Rendon OF Adam Duvall 2B Tony Kemp SS David Fletcher C Manny Piña,,,
448,3186596059,markopoulosal,0,36.95,P Alex Wood P Ranger Suárez OF Giancarlo Stanton 1B Anthony Rizzo OF Joey Gallo 2B Gleyber Torres 3B Abraham Toro SS J.P. Crawford C Kyle Higashioka OF Julio Rodríguez,,,
449,3186848175,ElliesDaddy,0,36.45,P Alex Wood P Luis Patiño 1B Matt Olson OF Mitch Haniger SS Dansby Swanson 3B Eugenio Suárez OF Adam Duvall 2B Adam Frazier OF Marcell Ozuna C Manny Piña,,,
450,3186568361,treaper9,0,36.25,P Huascar Ynoa P Luis Patiño OF Shohei Ohtani OF Byron Buxton 1B Jared Walsh 3B Anthony Rendon SS Dansby Swanson C Francisco Mejía OF Josh Lowe 2B Orlando Arcia,,,
451,3186775116,AlexKiser,0,35.949997,P Luis Patiño P Nick Martinez OF Bryce Harper OF Kyle Schwarber 1B Rhys Hoskins SS Jazz Chisholm Jr. OF Jorge Soler 2B Joey Wendle 3B Brian Anderson C Jacob Stallings,,,
452,3186394510,sokkaplayer22,0,35.9,P Alex Wood P Huascar Ynoa OF Giancarlo Stanton 1B Anthony Rizzo 3B Anthony Rendon SS J.P. Crawford OF Mike Yastrzemski OF Marcell Ozuna C Francisco Mejía 2B Marwin Gonzalez,,,
452,3186810440,Broomie23,0,35.9,P Alex Wood P Huascar Ynoa 1B Vladimir Guerrero Jr. SS Jazz Chisholm Jr. 2B Ozzie Albies 3B Austin Riley OF Alex Kirilloff C Francisco Mejía OF Darin Ruf OF Julio Rodríguez,,,
454,3186402736,Fsu4Life,0,35.75,P Ranger Suárez P Huascar Ynoa OF Shohei Ohtani 1B Matt Olson 2B Ozzie Albies 3B Austin Riley OF Adam Duvall C Gary Sánchez SS Orlando Arcia OF Julio Rodríguez,,,
455,3186332766,darsh314,0,35.45,P Alex Wood P Luis Patiño 1B Shohei Ohtani OF Kyle Schwarber SS Carlos Correa OF Mitch Haniger 2B Adam Frazier 3B Abraham Toro C Cal Raleigh OF Julio Rodríguez,,,
456,3186402561,mnicely32,0,35.25,P Huascar Ynoa P Luis Patiño OF Shohei Ohtani 2B Brandon Lowe SS Wander Franco 3B Yandy Díaz 1B Miguel Sanó C Gary Sánchez OF Josh Lowe OF Brett Phillips,,,
456,3186633711,christangreti,0,35.25,P Huascar Ynoa P Luis Patiño OF Aaron Judge 1B Anthony Rizzo 2B DJ LeMahieu OF Joey Gallo OF Mark Canha C Max Stassi 3B J.D. Davis SS Luis Guillorme,,,
458,3186850037,SBlack15,0,34.9,P Alex Wood P Huascar Ynoa OF Kyle Schwarber 2B Ozzie Albies 3B Austin Riley SS Dansby Swanson OF Marcell Ozuna OF Garrett Cooper 1B Darin Ruf C Manny Piña,,,
459,3186650723,sshafer11,0,34.85,P Huascar Ynoa P Taijuan Walker 1B Rhys Hoskins 2B DJ LeMahieu C Sean Murphy SS Luis García OF Luke Raley OF Kameron Misner 3B Elliot Soto OF Buddy Reed,,,
460,3186487341,ShipMyMoney,0,34.15,P Jameson Taillon P Luis Patiño OF Jesse Winker 2B Ozzie Albies OF Mitch Haniger 1B Ty France SS Dansby Swanson 3B Eugenio Suárez OF Adam Duvall C Cal Raleigh,,,
461,3186822664,marcrich15,0,33.45,P Alex Wood P Luis Patiño OF Shohei Ohtani OF Jesse Winker 3B Austin Riley 1B Jared Walsh SS Dansby Swanson 2B Adam Frazier C Cal Raleigh OF Julio Rodríguez,,,
462,3186756455,Duitez76,0,32.3,P Ranger Suárez P Luis Patiño OF Byron Buxton SS Carlos Correa OF Jesse Winker 1B Ty France 2B Adam Frazier 3B Abraham Toro C Gary Sánchez OF Julio Rodríguez,,,
463,3186649938,Xzilirate,0,30.95,P Alex Wood P Ranger Suárez OF Shohei Ohtani 1B Jared Walsh OF Mitch Haniger 3B Anthony Rendon 2B Adam Frazier SS J.P. Crawford OF Billy McKinney C Cal Raleigh,,,
464,3186659076,dboyett,0,29.4,P Huascar Ynoa P Nick Martinez OF Bryce Harper 1B Vladimir Guerrero Jr. 3B Austin Riley 2B Jean Segura SS Dansby Swanson OF Lourdes Gurriel Jr. C Gary Sánchez OF Josh Lowe,,,
465,3186803313,cbake88,0,27.75,P Ranger Suárez P Huascar Ynoa 1B Matt Olson OF Giancarlo Stanton 2B Jorge Polanco 3B Austin Riley OF Marcell Ozuna C Alejandro Kirk OF Josh Lowe SS Orlando Arcia,,,
466,3186866240,mcarter300,0,27.25,P Huascar Ynoa P Luis Patiño 1B Matt Olson 2B Ozzie Albies 3B Austin Riley OF Mitch Haniger OF Adam Duvall SS J.P. Crawford OF Marcell Ozuna C Cal Raleigh,,,
467,3186851329,KProc135,0,26.45,P Alex Wood P Luis Patiño 2B Brandon Lowe 1B Anthony Rizzo OF Jesse Winker 3B Austin Riley SS Dansby Swanson C Francisco Mejía OF Josh Lowe OF Brett Phillips,,,
468,3186879957,rpaulson121,0,25.599998,P Luis Patiño P Elieser Hernandez 1B Vladimir Guerrero Jr. OF Kyle Schwarber OF Giancarlo Stanton SS Francisco Lindor OF Mitch Haniger C Francisco Mejía 3B Gio Urshela 2B Orlando Arcia,,,
469,3186538762,jlagrasta,0,0,,,,
469,3186547235,Todd_Opong,0,0,,,,
